sub,cond_order,condition,trialNo,ch1,rt1,st,ch2,rt2,r,transition,stay
2,NTfirst,PR,1,1,0.65981,2,1,1.704565,0,1,0
2,NTfirst,PR,2,1,0.81413,2,2,1.36324,1,1,1
2,NTfirst,PR,3,1,0.4289,2,2,0.77903,0,1,1
2,NTfirst,PR,4,1,0.309585,3,2,2.42383,1,0,1
2,NTfirst,PR,5,1,0.39432,2,2,0.789325,0,1,1
2,NTfirst,PR,6,1,0.428705,2,1,1.18955,0,1,1
2,NTfirst,PR,7,1,0.277975,3,2,0.79824,1,0,1
2,NTfirst,PR,8,2,0.40718,3,2,0.57652,1,1,0
2,NTfirst,PR,9,2,0.43058,3,2,0.401075,1,1,1
2,NTfirst,PR,10,2,0.53085,3,2,0.47901,1,1,1
2,NTfirst,PR,11,2,0.34686,2,2,1.06712,0,0,1
2,NTfirst,PR,12,2,0.355455,3,2,0.415535,1,1,1
2,NTfirst,PR,13,2,0.288515,3,2,0.303715,0,1,1
2,NTfirst,PR,14,2,0.31758,3,2,0.34081,0,1,1
2,NTfirst,PR,15,2,0.30534,3,1,0.360995,0,1,1
2,NTfirst,PR,16,1,0.27527,2,1,0.300195,0,1,0
2,NTfirst,PR,17,1,0.27312,2,2,0.404545,0,1,1
2,NTfirst,PR,18,1,0.33905,2,1,0.268495,1,1,1
2,NTfirst,PR,19,1,0.383645,2,1,0.321305,1,1,1
2,NTfirst,PR,20,1,0.336155,3,2,0.810695,0,0,1
2,NTfirst,PR,21,1,0.23801,2,1,0.245335,0,1,1
2,NTfirst,PR,22,1,0.017665,3,2,0.41075,1,0,1
2,NTfirst,PR,23,2,0.318085,3,2,0.31857,1,1,0
2,NTfirst,PR,24,2,0.2624,3,2,0.301295,1,1,1
2,NTfirst,PR,25,2,0.369455,2,2,0.259115,0,0,1
3,BIDfirst,PR,1,2,0.94155,3,2,1.04585,0,1,0
3,BIDfirst,PR,2,2,0.870365,3,1,1.628975,1,1,1
3,BIDfirst,PR,3,2,0.501475,2,1,1.156545,0,0,1
3,BIDfirst,PR,4,2,0.335115,2,2,0.76392,0,0,1
3,BIDfirst,PR,5,1,0.43113,3,1,1.75059,0,0,0
3,BIDfirst,PR,6,1,0.63594,2,2,0.69777,1,1,1
3,BIDfirst,PR,7,1,0.333965,3,2,0.796075,1,0,1
3,BIDfirst,PR,8,1,0.513535,3,2,0.6762,1,0,1
3,BIDfirst,PR,9,1,0.31786,3,2,0.47512,1,0,1
3,BIDfirst,PR,10,1,0.283355,2,1,1.34375,0,1,1
3,BIDfirst,PR,11,2,0.254585,3,1,0.846765,1,1,0
3,BIDfirst,PR,12,2,0.368665,2,1,0.445955,1,0,1
3,BIDfirst,PR,13,2,0.365555,3,1,0.97822,0,1,1
3,BIDfirst,PR,14,1,0.31801,2,1,0.911005,1,1,0
3,BIDfirst,PR,15,1,0.39665,3,1,0.697025,0,0,1
3,BIDfirst,PR,16,1,0.281965,2,1,0.76772,1,1,1
3,BIDfirst,PR,17,1,0.465985,3,1,0.86323,1,0,1
3,BIDfirst,PR,18,1,0.314685,2,1,0.69877,0,1,1
3,BIDfirst,PR,19,2,0.28302,3,1,0.66568,1,1,0
3,BIDfirst,PR,20,2,0.388955,3,1,0.429285,0,1,1
3,BIDfirst,PR,21,2,0.28442,3,1,0.84497,1,1,1
3,BIDfirst,PR,22,2,0.25247,3,1,0.42936,0,1,1
3,BIDfirst,PR,23,2,0.25258,3,2,0.412135,1,1,1
3,BIDfirst,PR,24,2,0.385595,3,2,0.39403,0,1,1
3,BIDfirst,PR,25,2,0.23381,3,1,0.38099,0,1,1
6,NTfirst,PR,1,1,0.509465,2,2,0.84214,1,1,0
6,NTfirst,PR,2,1,0.65627,3,2,0.751415,0,0,1
6,NTfirst,PR,3,2,0.941365,3,2,0.572415,1,1,0
6,NTfirst,PR,4,2,1.071375,2,1,0.41839,0,0,1
6,NTfirst,PR,5,1,1.16832,2,2,0.41074,0,1,0
6,NTfirst,PR,6,2,0.489715,3,1,0.79959,1,1,0
6,NTfirst,PR,7,1,1.425055,2,2,0.68768,1,1,0
6,NTfirst,PR,8,2,0.542805,3,2,0.59694,1,1,0
6,NTfirst,PR,9,2,0.576955,3,2,0.478755,1,1,1
6,NTfirst,PR,10,1,0.54034,2,2,0.492255,0,1,0
6,NTfirst,PR,11,2,0.658245,3,1,0.929775,1,1,0
6,NTfirst,PR,12,2,0.75432,3,1,0.48728,1,1,1
6,NTfirst,PR,13,2,0.317555,3,1,0.29723,0,1,1
6,NTfirst,PR,14,2,0.30888,2,2,0.311915,0,0,1
6,NTfirst,PR,15,2,0.371495,2,1,0.58462,0,0,1
6,NTfirst,PR,16,1,0.70076,3,2,0.401785,0,0,0
6,NTfirst,PR,17,1,0.33973,3,1,0.290465,0,0,1
6,NTfirst,PR,18,2,0.332745,3,2,0.38142,0,1,0
6,NTfirst,PR,19,2,0.30563,3,1,0.48254,0,1,1
6,NTfirst,PR,20,2,0.289815,3,2,0.338685,1,1,1
6,NTfirst,PR,21,2,1.336045,3,2,0.316565,0,1,1
6,NTfirst,PR,22,2,0.400375,3,1,0.272845,0,1,1
6,NTfirst,PR,23,1,0.32115,2,2,0.271695,1,1,0
6,NTfirst,PR,24,1,0.353335,2,2,0.2898,0,1,1
6,NTfirst,PR,25,1,0.333035,3,1,0.24611,1,0,1
7,NTfirst,PR,1,1,0.3,3,1,0.708,1,0,0
7,NTfirst,PR,2,1,0.457,2,1,0.563,0,1,1
7,NTfirst,PR,3,1,0.485,2,1,0.37,0,1,1
7,NTfirst,PR,4,1,0.341,3,2,0.351,0,0,1
7,NTfirst,PR,5,1,0.4,2,2,0.202,1,1,1
7,NTfirst,PR,6,1,0.44,2,2,0.303,1,1,1
7,NTfirst,PR,7,1,0.62,3,2,0.286,1,0,1
7,NTfirst,PR,8,2,0.402,2,1,0.522,0,0,0
7,NTfirst,PR,9,2,0.333,2,1,0.34,1,0,1
7,NTfirst,PR,10,2,0.341,2,1,0.285,1,0,1
7,NTfirst,PR,11,2,0.334,2,1,0.369,1,0,1
7,NTfirst,PR,12,2,0.29,3,1,0.301,0,1,1
7,NTfirst,PR,13,2,0.518,3,1,0.868,1,1,1
7,NTfirst,PR,14,2,0.333,3,2,0.437,1,1,1
7,NTfirst,PR,15,2,0.39,2,2,0.369,1,0,1
7,NTfirst,PR,16,2,0.3,3,2,0.373,0,1,1
7,NTfirst,PR,17,2,0.299,3,2,0.308,0,1,1
7,NTfirst,PR,18,2,0.301,3,1,0.304,0,1,1
7,NTfirst,PR,19,2,0.433,3,1,0.335,0,1,1
7,NTfirst,PR,20,1,0.366,2,2,0.439,0,1,0
7,NTfirst,PR,21,1,0.339,2,2,0.306,1,1,1
7,NTfirst,PR,22,1,0.35,2,2,0.255,1,1,1
7,NTfirst,PR,23,1,0.351,2,2,0.205,0,1,1
7,NTfirst,PR,24,1,0.191,3,2,0.205,1,0,1
7,NTfirst,PR,25,1,0.316,2,2,0.256,1,1,1
10,BIDfirst,PR,1,1,0.750815,3,1,1.083155,0,0,0
10,BIDfirst,PR,2,1,0.749965,2,1,0.96285,1,1,1
10,BIDfirst,PR,3,1,0.6167,2,2,0.800375,0,1,1
10,BIDfirst,PR,4,1,0.568415,2,1,0.756365,0,1,1
10,BIDfirst,PR,5,1,0.596975,2,2,0.432015,1,1,1
10,BIDfirst,PR,6,2,0.47988,3,1,0.869785,1,1,0
10,BIDfirst,PR,7,2,0.670725,3,2,0.629155,0,1,1
10,BIDfirst,PR,8,2,0.52094,2,2,1.124725,1,0,1
10,BIDfirst,PR,9,2,0.62927,3,1,0.651945,0,1,1
10,BIDfirst,PR,10,2,0.386185,2,1,0.719885,1,0,1
10,BIDfirst,PR,11,2,0.491355,3,1,0.61399,1,1,1
10,BIDfirst,PR,12,2,0.52482,2,2,0.79667,1,0,1
10,BIDfirst,PR,13,2,0.49911,3,1,0.79709,1,1,1
10,BIDfirst,PR,14,2,0.61052,2,2,1.19337,1,0,1
10,BIDfirst,PR,15,2,0.64292,2,2,0.75529,0,0,1
10,BIDfirst,PR,16,2,0.55797,3,1,0.628455,0,1,1
10,BIDfirst,PR,17,2,0.37652,2,2,0.700095,1,0,1
10,BIDfirst,PR,18,1,0.651795,2,2,0.67838,1,1,0
10,BIDfirst,PR,19,1,0.55758,2,2,0.519815,0,1,1
10,BIDfirst,PR,20,1,0.523775,2,2,0.49245,0,1,1
10,BIDfirst,PR,21,1,0.427335,2,2,0.47468,1,1,1
10,BIDfirst,PR,22,1,0.495235,3,1,0.490135,1,0,1
10,BIDfirst,PR,23,1,0.486395,2,2,0.902725,1,1,1
10,BIDfirst,PR,24,1,0.533915,2,2,1.04261,0,1,1
10,BIDfirst,PR,25,1,0.516415,2,1,0.590035,1,1,1
11,BIDfirst,PR,1,2,0.502995,3,2,1.05361,0,1,0
11,BIDfirst,PR,2,2,1.77263,2,1,0.6292,0,0,1
11,BIDfirst,PR,3,1,1.345585,2,1,0.68284,0,1,0
11,BIDfirst,PR,4,1,0.79558,2,2,0.557895,1,1,1
11,BIDfirst,PR,5,1,0.807435,2,2,0.5692,1,1,1
11,BIDfirst,PR,6,1,0.55397,3,2,0.59132,1,0,1
11,BIDfirst,PR,7,1,0.795095,2,2,0.59793,1,1,1
11,BIDfirst,PR,8,1,0.928175,3,2,0.592185,1,0,1
11,BIDfirst,PR,9,1,0.768015,2,2,0.77427,1,1,1
11,BIDfirst,PR,10,1,0.684475,2,2,0.721345,1,1,1
11,BIDfirst,PR,11,1,0.85418,2,2,0.534635,0,1,1
11,BIDfirst,PR,12,1,0.56867,2,2,0.652965,1,1,1
11,BIDfirst,PR,13,1,0.5488,3,2,0.399815,1,0,1
11,BIDfirst,PR,14,1,0.41579,3,2,0.428475,1,0,1
11,BIDfirst,PR,15,1,0.58407,2,2,0.47083,1,1,1
11,BIDfirst,PR,16,1,0.45498,3,2,0.413215,0,0,1
11,BIDfirst,PR,17,1,0.57941,3,2,0.5293,1,0,1
11,BIDfirst,PR,18,1,0.44266,2,2,0.4971,1,1,1
11,BIDfirst,PR,19,1,0.50257,2,2,0.560845,0,1,1
11,BIDfirst,PR,20,1,0.47306,2,2,0.74982,1,1,1
11,BIDfirst,PR,21,1,0.50418,3,2,0.77151,1,0,1
11,BIDfirst,PR,22,1,0.535705,2,2,0.72654,0,1,1
11,BIDfirst,PR,23,1,0.55925,3,2,0.461145,1,0,1
11,BIDfirst,PR,24,1,0.511775,2,2,0.55802,1,1,1
11,BIDfirst,PR,25,1,0.529795,2,2,0.691695,1,1,1
12,BIDfirst,PR,1,1,0.30521,2,1,1.153815,0,1,0
12,BIDfirst,PR,2,2,0.55462,3,2,0.789255,1,1,0
12,BIDfirst,PR,3,2,0.60027,3,2,0.45754,1,1,1
12,BIDfirst,PR,4,2,0.450785,3,2,0.4506,1,1,1
12,BIDfirst,PR,5,2,0.473945,3,2,0.51217,0,1,1
12,BIDfirst,PR,6,1,0.657885,2,2,0.506095,0,1,0
12,BIDfirst,PR,7,2,0.651285,3,1,0.39418,0,1,0
12,BIDfirst,PR,8,2,0.46961,3,2,0.54171,1,1,1
12,BIDfirst,PR,9,2,0.390565,3,2,0.33032,0,1,1
12,BIDfirst,PR,10,2,0.23782,2,2,0.30515,1,0,1
12,BIDfirst,PR,11,2,0.303005,3,2,0.23522,1,1,1
12,BIDfirst,PR,12,2,0.37803,2,2,0.30157,1,0,1
12,BIDfirst,PR,13,2,0.392875,3,2,0.28348,1,1,1
12,BIDfirst,PR,14,2,0.2922,3,2,0.04196,0,1,1
12,BIDfirst,PR,15,2,0.252115,3,2,0.25842,1,1,1
12,BIDfirst,PR,16,2,0.285425,3,2,0.111845,0,1,1
12,BIDfirst,PR,17,2,0.259895,3,2,0.207485,1,1,1
12,BIDfirst,PR,18,2,0.3843,2,2,0.25032,1,0,1
12,BIDfirst,PR,19,2,0.43373,3,2,0.299015,1,1,1
12,BIDfirst,PR,20,2,0.467925,2,2,0.340555,0,0,1
12,BIDfirst,PR,21,2,0.261635,3,2,0.307505,1,1,1
12,BIDfirst,PR,22,2,0.286195,2,2,0.545635,1,0,1
12,BIDfirst,PR,23,2,0.02401,3,2,1.077425,1,1,1
12,BIDfirst,PR,24,2,0.417635,3,2,0.383795,1,1,1
12,BIDfirst,PR,25,2,0.30166,2,2,0.281985,1,0,1
13,BIDfirst,PR,1,2,2.591365,3,2,2.71224,1,1,0
13,BIDfirst,PR,2,2,0.820485,3,2,0.61643,0,1,1
13,BIDfirst,PR,3,2,0.672245,3,1,0.644145,0,1,1
13,BIDfirst,PR,4,1,0.789325,2,2,1.13946,1,1,0
13,BIDfirst,PR,5,1,0.59109,2,2,0.900155,1,1,1
13,BIDfirst,PR,6,1,0.47415,2,2,0.598105,1,1,1
13,BIDfirst,PR,7,1,0.304655,2,2,0.37991,0,1,1
13,BIDfirst,PR,8,1,0.69426,2,2,0.408925,1,1,1
13,BIDfirst,PR,9,2,0.31418,2,1,1.860145,0,0,0
13,BIDfirst,PR,10,2,0.457785,2,2,0.430815,0,0,1
13,BIDfirst,PR,11,2,0.239045,3,2,0.623325,1,1,1
13,BIDfirst,PR,12,2,0.757505,3,2,1.061045,0,1,1
13,BIDfirst,PR,13,2,0.763125,3,1,0.291235,0,1,1
13,BIDfirst,PR,14,1,0.34615,2,2,0.444465,1,1,0
13,BIDfirst,PR,15,1,0.455155,2,2,0.57429,1,1,1
13,BIDfirst,PR,16,2,0.227825,3,2,0.36035,0,1,0
13,BIDfirst,PR,17,1,0.324575,2,2,0.45772,1,1,0
13,BIDfirst,PR,18,1,0.846095,2,2,1.48272,0,1,1
13,BIDfirst,PR,19,1,2.224265,3,2,1.345455,0,0,1
13,BIDfirst,PR,20,1,0.46102,3,1,0.481355,1,0,1
13,BIDfirst,PR,21,1,0.576505,3,1,0.50689,0,0,1
13,BIDfirst,PR,22,2,0.558465,3,2,1.64528,0,1,0
13,BIDfirst,PR,23,2,4.565185,3,2,0.92362,0,1,1
13,BIDfirst,PR,24,1,1.015875,2,2,0.389965,0,1,0
13,BIDfirst,PR,25,2,6.368395,3,1,0.956955,1,1,0
14,NTfirst,PR,1,1,1.776935,2,2,1.31113,0,1,0
14,NTfirst,PR,2,1,1.35428,2,1,0.83815,1,1,1
14,NTfirst,PR,3,2,0.78489,3,2,0.62305,0,1,0
14,NTfirst,PR,4,2,0.65326,2,1,0.554785,0,0,1
14,NTfirst,PR,5,2,1.06962,3,1,1.123585,0,1,1
14,NTfirst,PR,6,1,0.592695,3,2,1.07548,0,0,0
14,NTfirst,PR,7,1,1.389535,3,1,1.038285,1,0,1
14,NTfirst,PR,8,2,0.60748,3,1,1.05755,1,1,0
14,NTfirst,PR,9,1,1.01903,2,1,0.71126,1,1,0
14,NTfirst,PR,10,2,0.741535,3,1,0.736185,1,1,0
14,NTfirst,PR,11,1,0.75342,3,1,0.756575,1,0,0
14,NTfirst,PR,12,2,0.484555,2,1,0.42098,0,0,0
14,NTfirst,PR,13,1,0.786085,2,2,0.83775,0,1,0
14,NTfirst,PR,14,2,0.77559,2,1,0.871455,1,0,0
14,NTfirst,PR,15,2,0.75474,2,1,0.52269,0,0,1
14,NTfirst,PR,16,1,0.735475,2,1,0.71882,0,1,0
14,NTfirst,PR,17,1,0.66976,2,1,0.621025,0,1,1
14,NTfirst,PR,18,2,0.539625,2,1,0.603705,0,0,0
14,NTfirst,PR,19,2,0.97355,3,1,0.670875,0,1,1
14,NTfirst,PR,20,1,0.806095,2,2,0.77139,0,1,0
14,NTfirst,PR,21,2,0.6023,3,1,0.640935,0,1,0
14,NTfirst,PR,22,1,0.73644,2,1,0.87157,1,1,0
14,NTfirst,PR,23,2,0.35364,2,1,0.691635,1,0,0
14,NTfirst,PR,24,1,1.038915,2,1,0.62336,0,1,0
14,NTfirst,PR,25,1,0.925905,2,1,0.503685,0,1,1
17,BIDfirst,PR,1,1,2.779145,2,1,1.07324,1,1,0
17,BIDfirst,PR,2,1,0.567545,2,1,0.46332,0,1,1
17,BIDfirst,PR,3,1,0.91745,3,2,1.024105,0,0,1
17,BIDfirst,PR,4,2,0.792665,2,1,0.698965,1,0,0
17,BIDfirst,PR,5,2,0.71049,3,2,0.746225,0,1,1
17,BIDfirst,PR,6,2,0.39182,2,1,0.69611,0,0,1
17,BIDfirst,PR,7,2,0.567695,3,2,0.677055,1,1,1
17,BIDfirst,PR,8,1,0.379915,3,2,0.41813,0,0,0
17,BIDfirst,PR,9,1,0.387465,2,1,0.455225,0,1,1
17,BIDfirst,PR,10,2,0.40707,3,2,0.604155,0,1,0
17,BIDfirst,PR,11,1,0.44535,2,1,0.522515,1,1,0
17,BIDfirst,PR,12,1,0.40299,2,1,0.434885,0,1,1
17,BIDfirst,PR,13,1,0.26722,2,1,0.327705,0,1,1
17,BIDfirst,PR,14,2,0.219265,2,1,0.470995,0,0,0
17,BIDfirst,PR,15,2,0.285045,3,2,0.47727,1,1,1
17,BIDfirst,PR,16,2,0.37227,3,2,0.405655,0,1,1
17,BIDfirst,PR,17,1,0.512935,2,2,0.281435,1,1,0
17,BIDfirst,PR,18,1,0.250235,2,2,0.342845,1,1,1
17,BIDfirst,PR,19,1,0.35023,3,2,0.375475,0,0,1
17,BIDfirst,PR,20,2,0.07246,3,2,0.74074,1,1,0
17,BIDfirst,PR,21,2,0.21764,2,1,0.37972,0,0,1
17,BIDfirst,PR,22,1,0.51466,2,2,0.404985,1,1,0
17,BIDfirst,PR,23,1,0.391405,2,2,0.280325,1,1,1
17,BIDfirst,PR,24,1,0.28661,2,2,0.35859,0,1,1
17,BIDfirst,PR,25,1,0.451185,3,1,0.34286,0,0,1
18,NTfirst,PR,1,1,0.61364,2,2,1.0252,0,1,0
18,NTfirst,PR,2,1,1.32164,2,1,1.215745,1,1,1
18,NTfirst,PR,3,2,1.272715,3,2,0.77777,1,1,0
18,NTfirst,PR,4,2,0.75983,2,1,0.577285,1,0,1
18,NTfirst,PR,5,2,0.79113,3,1,0.781735,0,1,1
18,NTfirst,PR,6,1,1.38741,2,1,0.71596,0,1,0
18,NTfirst,PR,7,2,0.486715,3,2,0.685505,1,1,0
18,NTfirst,PR,8,2,0.856555,3,2,1.666635,1,1,1
18,NTfirst,PR,9,2,0.583605,3,2,0.45798,1,1,1
18,NTfirst,PR,10,2,0.54236,2,1,1.989255,1,0,1
18,NTfirst,PR,11,2,0.507095,2,1,0.81629,0,0,1
18,NTfirst,PR,12,2,0.34424,3,2,0.46873,0,1,1
18,NTfirst,PR,13,1,1.002535,3,2,1.597315,1,0,0
18,NTfirst,PR,14,2,1.191355,2,1,0.882035,1,0,0
18,NTfirst,PR,15,1,0.83957,3,2,0.5904,0,0,0
18,NTfirst,PR,16,2,0.09312,3,2,0.54805,1,1,0
18,NTfirst,PR,17,2,0.388885,3,2,0.3825,1,1,1
18,NTfirst,PR,18,2,0.601185,2,1,0.76239,1,0,1
18,NTfirst,PR,19,2,0.43697,3,2,0.491825,0,1,1
18,NTfirst,PR,20,2,0.33661,2,1,0.58981,1,0,1
18,NTfirst,PR,21,2,0.399665,3,2,0.474655,0,1,1
18,NTfirst,PR,22,2,0.42803,2,1,0.548865,0,0,1
18,NTfirst,PR,23,1,0.29497,2,1,0.758075,1,1,0
18,NTfirst,PR,24,1,0.334945,2,1,0.74621,1,1,1
18,NTfirst,PR,25,1,0.53046,2,1,0.518245,1,1,1
19,NTfirst,PR,1,2,1.04374,3,1,1.15093,1,1,0
19,NTfirst,PR,2,2,1.05169,3,2,1.40778,0,1,1
19,NTfirst,PR,3,1,1.16958,2,1,1.45202,1,1,0
19,NTfirst,PR,4,1,0.718755,2,2,0.938365,1,1,1
19,NTfirst,PR,5,2,0.75402,3,1,0.856835,0,1,0
19,NTfirst,PR,6,2,0.550725,3,2,1.039975,0,1,1
19,NTfirst,PR,7,2,0.542585,3,1,0.55967,0,1,1
19,NTfirst,PR,8,2,0.85191,3,2,0.570265,0,1,1
19,NTfirst,PR,9,1,0.52068,2,1,0.877485,1,1,0
19,NTfirst,PR,10,1,0.81837,2,2,0.87293,1,1,1
19,NTfirst,PR,11,2,0.70202,3,1,0.525255,0,1,0
19,NTfirst,PR,12,2,0.8703,3,2,0.87001,1,1,1
19,NTfirst,PR,13,2,0.568835,3,1,0.52117,0,1,1
19,NTfirst,PR,14,2,0.669535,2,2,0.49528,1,0,1
19,NTfirst,PR,15,1,0.318,3,1,0.900735,1,0,0
19,NTfirst,PR,16,1,0.5698,3,1,1.06887,1,0,1
19,NTfirst,PR,17,1,1.21922,2,2,0.692335,0,1,1
19,NTfirst,PR,18,1,0.385015,2,1,0.68981,1,1,1
19,NTfirst,PR,19,1,0.857765,2,1,0.636945,0,1,1
19,NTfirst,PR,20,1,0.49192,2,1,0.46579,0,1,1
19,NTfirst,PR,21,1,0.318265,2,1,0.82872,1,1,1
19,NTfirst,PR,22,2,16.3584,2,2,1.255695,0,0,0
19,NTfirst,PR,23,2,1.001395,2,2,1.53292,1,0,1
19,NTfirst,PR,24,2,1.090495,3,2,0.73764,1,1,1
19,NTfirst,PR,25,2,0.41879,3,2,0.84142,1,1,1
20,NTfirst,PR,1,2,0.48685,3,2,0.955995,1,1,0
20,NTfirst,PR,2,2,0.434965,3,2,0.62945,1,1,1
20,NTfirst,PR,3,2,0.470465001,2,1,0.672844999,0,0,1
20,NTfirst,PR,4,2,0.37172,2,2,0.699155,0,0,1
20,NTfirst,PR,5,2,0.49755,2,2,0.69053,0,0,1
20,NTfirst,PR,6,1,0.294475,2,1,0.66174,1,1,0
20,NTfirst,PR,7,1,0.34248,3,2,0.708655,1,0,1
20,NTfirst,PR,8,2,0.4017,3,2,0.67829,1,1,0
20,NTfirst,PR,9,2,0.40044,2,2,0.94081,0,0,1
20,NTfirst,PR,10,1,0.317345,3,2,0.87678,1,0,0
20,NTfirst,PR,11,1,0.336775,2,2,0.919665,1,1,1
20,NTfirst,PR,12,1,0.34075,2,2,0.601665,1,1,1
20,NTfirst,PR,13,2,0.34057,2,1,0.668305,0,0,0
20,NTfirst,PR,14,1,0.32392,2,2,0.62196,0,1,0
20,NTfirst,PR,15,1,0.256635,2,1,0.678005,1,1,1
20,NTfirst,PR,16,1,0.096225,3,2,0.645615,1,0,1
20,NTfirst,PR,17,1,0.277960001,2,1,1.210255,1,1,1
20,NTfirst,PR,18,1,0.389035,2,2,0.427130001,1,1,1
20,NTfirst,PR,19,1,0.257945,2,2,0.942435,1,1,1
20,NTfirst,PR,20,1,0.33582,3,2,0.62277,1,0,1
20,NTfirst,PR,21,1,0.350805,3,2,0.464765,1,0,1
20,NTfirst,PR,22,1,0.503995,2,2,0.497165,1,1,1
20,NTfirst,PR,23,1,0.27057,2,1,0.780665,1,1,1
20,NTfirst,PR,24,1,0.33385,2,1,0.72862,1,1,1
20,NTfirst,PR,25,1,0.133615,2,1,0.494960001,1,1,1
22,BIDfirst,PR,1,2,0.93854,2,1,1.012465,0,0,0
22,BIDfirst,PR,2,1,0.57345,2,2,0.6404,1,1,0
22,BIDfirst,PR,3,1,0.703695,2,2,0.29266,0,1,1
22,BIDfirst,PR,4,1,1.462985,2,1,0.57838,1,1,1
22,BIDfirst,PR,5,1,0.40455,3,2,0.974865,1,0,1
22,BIDfirst,PR,6,1,0.44559,2,2,0.409145,1,1,1
22,BIDfirst,PR,7,2,1.286775,3,1,1.649025,0,1,0
22,BIDfirst,PR,8,1,0.435085,2,1,0.526235,0,1,0
22,BIDfirst,PR,9,1,0.32156,2,2,0.37111,0,1,1
22,BIDfirst,PR,10,1,0.44456,3,2,0.476235,1,0,1
22,BIDfirst,PR,11,1,0.344645,3,2,0.6706,1,0,1
22,BIDfirst,PR,12,1,0.50132,2,2,0.771535,1,1,1
22,BIDfirst,PR,13,2,0.40346,3,1,0.789925,0,1,0
22,BIDfirst,PR,14,1,0.368865,2,1,0.958965,0,1,0
22,BIDfirst,PR,15,2,2.27373,3,2,0.29573,1,1,0
22,BIDfirst,PR,16,2,0.428225,3,1,0.369075,1,1,1
22,BIDfirst,PR,17,1,0.7328,2,2,0.569475,0,1,0
22,BIDfirst,PR,18,2,0.301035,3,1,0.34637,0,1,0
22,BIDfirst,PR,19,2,0.32204,2,2,0.109045,1,0,1
22,BIDfirst,PR,20,1,0.473665,2,1,0.348945,0,1,0
22,BIDfirst,PR,21,2,0.39197,3,2,0.298075,1,1,0
22,BIDfirst,PR,22,1,0.43999,3,1,0.60017,0,0,0
22,BIDfirst,PR,23,1,0.408735,2,2,0.66567,1,1,1
22,BIDfirst,PR,24,2,0.49322,3,1,0.96043,0,1,0
22,BIDfirst,PR,25,2,0.41837,2,2,0.252885,1,0,1
24,BIDfirst,PR,1,1,0.999555,2,1,1.092385,0,1,0
24,BIDfirst,PR,2,1,1.151,2,2,0.91874,1,1,1
24,BIDfirst,PR,3,1,0.90903,3,1,0.957995,0,0,1
24,BIDfirst,PR,4,1,0.769525,2,2,0.51304,1,1,1
24,BIDfirst,PR,5,2,0.65527,3,2,1.16963,0,1,0
24,BIDfirst,PR,6,1,0.75966,2,2,0.638165,0,1,0
24,BIDfirst,PR,7,1,0.74369,3,2,0.74316,1,0,1
24,BIDfirst,PR,8,2,1.45064,3,1,1.082125,0,1,0
24,BIDfirst,PR,9,2,0.695245,3,2,0.43798,0,1,1
24,BIDfirst,PR,10,1,0.3413,2,2,0.77096,0,1,0
24,BIDfirst,PR,11,1,0.53681,3,2,0.89548,0,0,1
24,BIDfirst,PR,12,1,0.470365,3,2,0.662215,1,0,1
24,BIDfirst,PR,13,1,3.921565,3,1,0.829325,0,0,1
24,BIDfirst,PR,14,1,0.84534,2,2,0.37579,1,1,1
24,BIDfirst,PR,15,1,0.86133,2,2,0.45224,1,1,1
24,BIDfirst,PR,16,1,0.56004,2,2,0.400425,0,1,1
24,BIDfirst,PR,17,1,0.77895,2,2,0.472175,1,1,1
24,BIDfirst,PR,18,1,0.433975,3,2,0.371415,0,0,1
24,BIDfirst,PR,19,1,0.66225,2,2,0.40562,1,1,1
24,BIDfirst,PR,20,1,0.76714,3,1,0.857155,0,0,1
24,BIDfirst,PR,21,2,0.37113,2,2,0.47046,0,0,0
24,BIDfirst,PR,22,1,0.31935,2,2,0.34865,0,1,0
24,BIDfirst,PR,23,2,0.47749,2,2,0.504015,1,0,0
24,BIDfirst,PR,24,2,1.671355,2,2,1.246595,1,0,1
24,BIDfirst,PR,25,2,0.35431,3,2,0.738355,0,1,1
25,BIDfirst,PR,1,1,0.52294,3,2,0.88849,1,0,0
25,BIDfirst,PR,2,1,0.519675,3,2,0.314455,1,0,1
25,BIDfirst,PR,3,2,0.442665,3,1,0.483675,0,1,0
25,BIDfirst,PR,4,1,0.57582,3,2,0.30955,1,0,0
25,BIDfirst,PR,5,2,0.434155,2,1,0.66451,1,0,0
25,BIDfirst,PR,6,2,0.33408,3,1,0.290575,1,1,1
25,BIDfirst,PR,7,1,0.27296,2,1,0.7964,1,1,0
25,BIDfirst,PR,8,2,0.490335,3,2,0.431605,0,1,0
25,BIDfirst,PR,9,1,0.48422,3,2,0.4391,1,0,0
25,BIDfirst,PR,10,2,0.561255,2,1,0.382125,0,0,0
25,BIDfirst,PR,11,1,0.541225,3,2,0.283575,1,0,0
25,BIDfirst,PR,12,1,0.589705,3,2,0.298335,1,0,1
25,BIDfirst,PR,13,1,0.307335,2,1,0.6148,1,1,1
25,BIDfirst,PR,14,2,0.42634,2,1,0.55043,0,0,0
25,BIDfirst,PR,15,1,0.483625,3,2,0.31218,0,0,0
25,BIDfirst,PR,16,1,0.311265,2,1,0.85916,1,1,1
25,BIDfirst,PR,17,1,0.743445,3,2,0.350645,0,0,1
25,BIDfirst,PR,18,2,0.36992,3,2,0.59862,1,1,0
25,BIDfirst,PR,19,2,0.295555,3,2,0.331885,1,1,1
25,BIDfirst,PR,20,2,0.501575,3,2,0.365565,1,1,1
25,BIDfirst,PR,21,2,0.35437,3,2,0.3225,0,1,1
25,BIDfirst,PR,22,1,0.26793,3,2,0.32182,1,0,0
25,BIDfirst,PR,23,1,0.2841,2,1,0.572955,0,1,1
25,BIDfirst,PR,24,2,0.251515,3,2,0.37736,1,1,0
25,BIDfirst,PR,25,1,0.552765,2,1,0.57693,1,1,0
26,BIDfirst,PR,1,1,0.791635,2,2,1.349295,1,1,0
26,BIDfirst,PR,2,1,0.753715,3,1,0.88661,1,0,1
26,BIDfirst,PR,3,2,0.34306,3,2,0.645535,0,1,0
26,BIDfirst,PR,4,1,0.70413,2,2,0.62145,0,1,0
26,BIDfirst,PR,5,1,0.55849,3,1,0.479015,1,0,1
26,BIDfirst,PR,6,1,0.79284,2,2,0.67641,1,1,1
26,BIDfirst,PR,7,1,0.410445,2,2,0.63193,0,1,1
26,BIDfirst,PR,8,2,0.307595,2,2,0.72292,1,0,0
26,BIDfirst,PR,9,2,0.62177,2,1,0.68446,0,0,1
26,BIDfirst,PR,10,2,0.3769,2,2,0.35953,0,0,1
26,BIDfirst,PR,11,1,0.353245,2,2,0.59174,0,1,0
26,BIDfirst,PR,12,1,0.33311,2,1,0.72616,0,1,1
26,BIDfirst,PR,13,1,0.261745,2,2,0.34351,1,1,1
26,BIDfirst,PR,14,1,0.65657,2,2,0.63378,1,1,1
26,BIDfirst,PR,15,1,0.506125,2,2,0.5565,1,1,1
26,BIDfirst,PR,16,1,0.37717,2,2,0.345325,1,1,1
26,BIDfirst,PR,17,2,0.324625,2,2,0.45358,0,0,0
26,BIDfirst,PR,18,2,0.291835,2,2,0.484595,0,0,1
26,BIDfirst,PR,19,1,0.534495,3,2,0.45673,1,0,0
26,BIDfirst,PR,20,1,0.468725,3,1,0.605675,1,0,1
26,BIDfirst,PR,21,1,0.370295,3,1,0.519805,1,0,1
26,BIDfirst,PR,22,1,0.38065,3,1,0.50949,0,0,1
26,BIDfirst,PR,23,2,0.354315,2,2,0.487225,0,0,0
26,BIDfirst,PR,24,1,0.37054,3,1,0.344405,0,0,0
26,BIDfirst,PR,25,1,0.25656,2,2,0.33881,0,1,1
27,BIDfirst,PR,1,1,0.88598,3,2,0.78566,1,0,0
27,BIDfirst,PR,2,1,0.64948,3,1,0.477565,0,0,1
27,BIDfirst,PR,3,2,0.31235,3,1,0.36138,0,1,0
27,BIDfirst,PR,4,2,0.323505,3,2,0.308095,1,1,1
27,BIDfirst,PR,5,1,0.58943,3,2,0.35642,0,0,0
27,BIDfirst,PR,6,2,0.31286,3,2,0.346615,0,1,0
27,BIDfirst,PR,7,1,0.2686,2,1,0.24809,0,1,0
27,BIDfirst,PR,8,1,0.538795,2,2,0.23279,0,1,1
27,BIDfirst,PR,9,2,0.2705,2,1,0.311245,0,0,0
27,BIDfirst,PR,10,2,0.016465,3,2,0.272185,0,1,1
27,BIDfirst,PR,11,1,0.22471,2,2,0.6245,0,1,0
27,BIDfirst,PR,12,2,0.277745,3,1,0.374305,0,1,0
27,BIDfirst,PR,13,1,0.03681,2,2,0.45414,0,1,0
27,BIDfirst,PR,14,2,0.491445,2,2,0.39016,1,0,0
27,BIDfirst,PR,15,1,0.300555,2,1,0.1922,0,1,0
27,BIDfirst,PR,16,1,0.27075,2,2,0.20956,0,1,1
27,BIDfirst,PR,17,2,0.16336,3,1,0.24581,0,1,0
27,BIDfirst,PR,18,2,0.357675,3,2,0.256825,0,1,1
27,BIDfirst,PR,19,1,0.36591,2,1,0.361285,0,1,0
27,BIDfirst,PR,20,1,0.28315,2,2,0.27702,1,1,1
27,BIDfirst,PR,21,2,0.336365,2,2,0.44658,1,0,0
27,BIDfirst,PR,22,2,0.242455,2,2,0.316895,1,0,1
27,BIDfirst,PR,23,2,0.3216,3,2,0.65356,1,1,1
27,BIDfirst,PR,24,1,0.21906,3,2,0.320865,0,0,0
27,BIDfirst,PR,25,2,0.05217,2,2,0.414835,1,0,0
28,BIDfirst,PR,1,1,0.636,3,2,1.263,1,0,0
28,BIDfirst,PR,2,1,1.052,2,2,1.618,1,1,1
28,BIDfirst,PR,3,1,0.537,2,1,1.464,1,1,1
28,BIDfirst,PR,4,2,0.351,3,1,1.137,1,1,0
28,BIDfirst,PR,5,2,0.918,3,2,0.977,1,1,1
28,BIDfirst,PR,6,2,0.458,2,2,1.07,1,0,1
28,BIDfirst,PR,7,2,0.718,3,1,0.547,1,1,1
28,BIDfirst,PR,8,1,0.27,2,1,0.533,1,1,0
28,BIDfirst,PR,9,1,0.408,3,2,0.359,0,0,1
28,BIDfirst,PR,10,2,0.634,3,1,0.451,0,1,0
28,BIDfirst,PR,11,1,0.3,2,1,0.309,0,1,0
28,BIDfirst,PR,12,1,0.302,2,2,0.487,0,1,1
28,BIDfirst,PR,13,2,0.302,3,2,0.396,0,1,0
28,BIDfirst,PR,14,2,0.334,3,1,0.295,1,1,1
28,BIDfirst,PR,15,2,0.403,3,1,0.351,0,1,1
28,BIDfirst,PR,16,1,0.337,2,1,0.289,0,1,0
28,BIDfirst,PR,17,1,0.285,2,2,0.331,0,1,1
28,BIDfirst,PR,18,2,0.285,2,2,0.251,1,0,0
28,BIDfirst,PR,19,2,0.334,3,2,1.32,0,1,1
28,BIDfirst,PR,20,1,0.302,2,2,0.355,1,1,0
28,BIDfirst,PR,21,1,0.334,3,1,1.614,0,0,1
28,BIDfirst,PR,22,1,0.301,2,2,0.309,1,1,1
28,BIDfirst,PR,23,1,0.324,3,1,0.684,0,0,1
28,BIDfirst,PR,24,1,0.334,3,1,0.686,0,0,1
28,BIDfirst,PR,25,2,0.269,3,2,0.671,0,1,0
29,NTfirst,PR,1,1,0.66074,2,2,0.88278,0,1,0
29,NTfirst,PR,2,2,1.16666,2,1,0.853155,0,0,0
29,NTfirst,PR,3,1,0.57975,3,1,0.80544,1,0,0
29,NTfirst,PR,4,1,0.834185,2,2,2.446585,0,1,1
29,NTfirst,PR,5,1,0.691615,2,1,1.054855,1,1,1
29,NTfirst,PR,6,1,0.63733,2,1,1.208755,1,1,1
29,NTfirst,PR,7,1,0.374275,2,1,0.52916,1,1,1
29,NTfirst,PR,8,2,0.251285,3,1,1.26833,0,1,0
29,NTfirst,PR,9,1,0.225205,3,1,2.134855,1,0,0
29,NTfirst,PR,10,1,0.69392,3,1,0.55847,0,0,1
29,NTfirst,PR,11,2,0.523555,2,1,1.80901,0,0,0
29,NTfirst,PR,12,1,0.24096,2,1,0.39444,1,1,0
29,NTfirst,PR,13,1,0.234035,2,1,0.33016,0,1,1
29,NTfirst,PR,14,2,0.51873,3,1,0.813365,0,1,0
29,NTfirst,PR,15,2,0.482915,3,2,0.75193,0,1,1
29,NTfirst,PR,16,1,0.293855,3,1,0.556885,0,0,0
29,NTfirst,PR,17,1,0.00427,2,1,1.043115,0,1,1
29,NTfirst,PR,18,2,0.25394,2,1,0.700625,0,0,0
29,NTfirst,PR,19,2,0.065305,3,1,0.96266,0,1,1
29,NTfirst,PR,20,1,0.170485,2,1,0.45438,0,1,0
29,NTfirst,PR,21,1,0.11707,2,2,0.539015,0,1,1
29,NTfirst,PR,22,1,0.202895,2,1,0.291455,1,1,1
29,NTfirst,PR,23,1,0.240775,3,1,0.531195,0,0,1
29,NTfirst,PR,24,1,0.30083,2,1,0.38865,0,1,1
29,NTfirst,PR,25,2,0.02076,2,1,0.402995,0,0,0
30,NTfirst,PR,1,2,0.633,3,1,0.714,0,1,0
30,NTfirst,PR,2,2,0.875,2,2,0.671,1,0,1
30,NTfirst,PR,3,2,0.503,3,2,0.818,0,1,1
30,NTfirst,PR,4,1,0.48,2,2,0.509,1,1,0
30,NTfirst,PR,5,1,0.697,2,2,0.456,1,1,1
30,NTfirst,PR,6,1,0.435,2,2,0.455,0,1,1
30,NTfirst,PR,7,1,0.369,3,1,0.618,1,0,1
30,NTfirst,PR,8,2,0.366,3,1,0.539,0,1,0
30,NTfirst,PR,9,1,0.414,2,2,0.539,1,1,0
30,NTfirst,PR,10,1,0.393,2,2,0.455,1,1,1
30,NTfirst,PR,11,1,0.415,3,1,0.593,1,0,1
30,NTfirst,PR,12,1,0.348,2,2,0.402,1,1,1
30,NTfirst,PR,13,1,0.348,2,2,0.547,1,1,1
30,NTfirst,PR,14,1,0.414,2,2,0.427,1,1,1
30,NTfirst,PR,15,1,0.37,3,1,0.619,1,0,1
30,NTfirst,PR,16,1,0.066,2,2,0.538,1,1,1
30,NTfirst,PR,17,1,0.434,2,2,0.481,1,1,1
30,NTfirst,PR,18,1,0.413,2,2,0.402,1,1,1
30,NTfirst,PR,19,1,0.305,3,1,0.511,0,0,1
30,NTfirst,PR,20,1,0.501,2,2,0.428,1,1,1
30,NTfirst,PR,21,1,0.305,3,1,0.565,0,0,1
30,NTfirst,PR,22,1,0.022,3,1,0.618,0,0,1
30,NTfirst,PR,23,1,0.305,2,2,0.345,1,1,1
30,NTfirst,PR,24,1,0.371,2,2,0.401,1,1,1
30,NTfirst,PR,25,1,0.458,2,2,0.515,0,1,1
31,NTfirst,PR,1,2,0.95387,3,2,0.949085,1,1,0
31,NTfirst,PR,2,1,0.66611,2,1,0.824065,0,1,0
31,NTfirst,PR,3,1,0.416625,3,2,0.513605,1,0,1
31,NTfirst,PR,4,2,0.56686,3,1,0.75501,0,1,0
31,NTfirst,PR,5,2,0.31058,3,2,0.965405,1,1,1
31,NTfirst,PR,6,1,0.70067,2,2,0.919035,1,1,0
31,NTfirst,PR,7,2,0.929265,3,2,0.55347,0,1,0
31,NTfirst,PR,8,1,0.393035,2,2,1.2608,1,1,0
31,NTfirst,PR,9,1,0.46678,2,2,0.606405,0,1,1
31,NTfirst,PR,10,2,0.309635,3,2,0.753325,1,1,0
31,NTfirst,PR,11,2,0.48662,3,2,0.73295,1,1,1
31,NTfirst,PR,12,1,0.462845,2,2,0.758225,1,1,0
31,NTfirst,PR,13,2,0.258465,2,1,1.04541,0,0,0
31,NTfirst,PR,14,2,0.309655,3,2,1.055035,1,1,1
31,NTfirst,PR,15,1,0.483385,3,2,1.208365,1,0,0
31,NTfirst,PR,16,1,0.729635,2,1,0.34362,0,1,1
31,NTfirst,PR,17,1,0.443695,2,2,0.356545,0,1,1
31,NTfirst,PR,18,1,0.411985,2,2,0.690045,0,1,1
31,NTfirst,PR,19,1,0.37068,2,1,0.338,1,1,1
31,NTfirst,PR,20,2,0.28363,3,2,0.49855,1,1,0
31,NTfirst,PR,21,2,0.28393,3,2,0.368105,0,1,1
31,NTfirst,PR,22,2,0.2933,3,1,0.36855,0,1,1
31,NTfirst,PR,23,2,0.34245,3,1,0.57,0,1,1
31,NTfirst,PR,24,2,0.246775,3,2,0.307755,1,1,1
31,NTfirst,PR,25,2,0.28358,3,2,0.46704,1,1,1
32,BIDfirst,PR,1,2,0.813835,3,1,1.60491,0,1,0
32,BIDfirst,PR,2,2,0.97123,2,2,1.43851,0,0,1
32,BIDfirst,PR,3,2,1.155275,3,2,1.296075,0,1,1
32,BIDfirst,PR,4,1,0.887445,2,1,1.12102,1,1,0
32,BIDfirst,PR,5,2,0.828105,2,1,0.73666,0,0,0
32,BIDfirst,PR,6,2,0.702635,3,2,1.067435,1,1,1
32,BIDfirst,PR,7,1,0.50805,2,1,0.853655,1,1,0
32,BIDfirst,PR,8,2,0.72214,3,1,1.163195,0,1,0
32,BIDfirst,PR,9,1,1.08643,2,2,0.83624,1,1,0
32,BIDfirst,PR,10,2,0.43993,2,1,0.77175,0,0,0
32,BIDfirst,PR,11,1,0.691095,2,2,1.251835,0,1,0
32,BIDfirst,PR,12,1,0.45458,3,2,0.91998,1,0,1
32,BIDfirst,PR,13,2,0.926535,2,1,0.96727,1,0,0
32,BIDfirst,PR,14,2,0.491185,2,2,0.98964,1,0,1
32,BIDfirst,PR,15,2,0.28539,3,1,0.353145,1,1,1
32,BIDfirst,PR,16,2,0.8034,3,1,0.88506,1,1,1
32,BIDfirst,PR,17,1,0.502495,2,2,0.796665,1,1,0
32,BIDfirst,PR,18,1,0.384415,2,1,0.477695,0,1,1
32,BIDfirst,PR,19,2,0.3696,3,1,0.440455,0,1,0
32,BIDfirst,PR,20,1,0.326985,2,2,0.409925,1,1,0
32,BIDfirst,PR,21,2,0.48485,3,1,0.40834,0,1,0
32,BIDfirst,PR,22,1,0.517425,2,2,0.81027,1,1,0
32,BIDfirst,PR,23,2,0.56946,3,1,0.88341,0,1,0
32,BIDfirst,PR,24,1,0.66561,2,2,0.872325,0,1,0
32,BIDfirst,PR,25,2,0.43214,3,1,0.571415,0,1,0
33,BIDfirst,PR,1,1,1.14082,3,1,1.35844,0,0,0
33,BIDfirst,PR,2,2,1.05031,3,2,1.116975,0,1,0
33,BIDfirst,PR,3,1,1.102135,3,1,1.11151,0,0,0
33,BIDfirst,PR,4,1,0.86933,2,1,1.303485,0,1,1
33,BIDfirst,PR,5,1,0.987995,3,2,1.036035,1,0,1
33,BIDfirst,PR,6,2,1.11791,3,1,1.362085,1,1,0
33,BIDfirst,PR,7,1,0.851275,3,1,1.33574,0,0,0
33,BIDfirst,PR,8,2,1.168635,3,2,1.47616,1,1,0
33,BIDfirst,PR,9,1,1.029535,3,2,0.61058,1,0,0
33,BIDfirst,PR,10,1,0.90292,3,2,1.228815,1,0,1
33,BIDfirst,PR,11,2,0.952035,3,2,0.88702,0,1,0
33,BIDfirst,PR,12,1,0.56905,2,2,1.46928,0,1,0
33,BIDfirst,PR,13,1,0.73681,2,2,0.91817,1,1,1
33,BIDfirst,PR,14,1,0.55165,2,2,0.747955,1,1,1
33,BIDfirst,PR,15,1,0.501865,3,2,0.989505,1,0,1
33,BIDfirst,PR,16,1,0.78766,2,2,1.34009,0,1,1
33,BIDfirst,PR,17,1,0.65273,3,2,0.896945,0,0,1
33,BIDfirst,PR,18,1,0.419135,2,1,1.0632,0,1,1
33,BIDfirst,PR,19,2,0.75254,3,2,0.831875,0,1,0
33,BIDfirst,PR,20,1,0.53567,2,1,1.00351,1,1,0
33,BIDfirst,PR,21,1,0.535915,2,1,1.00906,0,1,1
33,BIDfirst,PR,22,1,0.401345,2,2,1.02774,1,1,1
33,BIDfirst,PR,23,1,0.66761,2,2,1.092,0,1,1
33,BIDfirst,PR,24,1,0.568615,2,1,1.07479,1,1,1
33,BIDfirst,PR,25,1,0.38589,2,1,0.658765,0,1,1
35,NTfirst,PR,1,1,1.043,3,1,1.195,0,0,0
35,NTfirst,PR,2,1,1.063,2,1,1.013,1,1,1
35,NTfirst,PR,3,1,1.043,2,2,1.186,1,1,1
35,NTfirst,PR,4,1,0.903,3,1,1.07,0,0,1
35,NTfirst,PR,5,1,0.897,2,2,0.768,1,1,1
35,NTfirst,PR,6,1,1.002,2,1,0.891,0,1,1
35,NTfirst,PR,7,1,1.023,2,2,0.967,1,1,1
35,NTfirst,PR,8,1,0.888,2,2,0.686,1,1,1
35,NTfirst,PR,9,1,0.703,2,2,0.492,1,1,1
35,NTfirst,PR,10,1,0.62,2,2,0.644,1,1,1
35,NTfirst,PR,11,1,0.602,3,1,1.249,1,0,1
35,NTfirst,PR,12,1,0.767,3,2,1.013,1,0,1
35,NTfirst,PR,13,1,0.636,2,2,0.607,0,1,1
35,NTfirst,PR,14,1,0.709,2,2,0.928,1,1,1
35,NTfirst,PR,15,1,0.548,2,2,0.566,1,1,1
35,NTfirst,PR,16,1,0.554,2,2,0.824,0,1,1
35,NTfirst,PR,17,1,0.67,2,1,0.886,1,1,1
35,NTfirst,PR,18,1,0.754,2,2,0.68,0,1,1
35,NTfirst,PR,19,1,0.681,3,1,1.042,0,0,1
35,NTfirst,PR,20,1,1.172,2,2,0.556,1,1,1
35,NTfirst,PR,21,1,0.501,2,2,0.539,1,1,1
35,NTfirst,PR,22,1,0.532,3,2,0.745,1,0,1
35,NTfirst,PR,23,1,0.487,2,2,0.605,1,1,1
35,NTfirst,PR,24,1,0.655,3,1,0.707,1,0,1
35,NTfirst,PR,25,1,0.535,2,2,0.584,1,1,1
36,BIDfirst,PR,1,1,0.59615,2,1,1.02282,1,1,0
36,BIDfirst,PR,2,1,0.70056,2,2,0.56426,1,1,1
36,BIDfirst,PR,3,1,0.557945,2,1,0.47874,0,1,1
36,BIDfirst,PR,4,1,0.561925,3,2,1.642885,0,0,1
36,BIDfirst,PR,5,1,0.56971,2,2,0.982485,0,1,1
36,BIDfirst,PR,6,1,0.416605,2,1,0.38375,0,1,1
36,BIDfirst,PR,7,2,0.722225,2,1,0.884655,0,0,0
36,BIDfirst,PR,8,2,0.63569,3,1,0.884945,1,1,1
36,BIDfirst,PR,9,2,0.55168,3,1,0.42022,0,1,1
36,BIDfirst,PR,10,2,0.41212,3,1,0.40698,1,1,1
36,BIDfirst,PR,11,2,0.43913,3,1,0.406105,0,1,1
36,BIDfirst,PR,12,2,0.601925,3,2,0.36339,1,1,1
36,BIDfirst,PR,13,2,0.345955,3,2,0.325125,0,1,1
36,BIDfirst,PR,14,2,0.360135,3,2,0.283245,1,1,1
36,BIDfirst,PR,15,2,0.375445,3,2,0.33261,1,1,1
36,BIDfirst,PR,16,2,0.406845,3,2,0.28401,1,1,1
36,BIDfirst,PR,17,2,0.417585,3,2,0.28165,1,1,1
36,BIDfirst,PR,18,2,0.504595,3,2,0.285695,1,1,1
36,BIDfirst,PR,19,2,0.374255,3,2,0.316955,0,1,1
36,BIDfirst,PR,20,2,0.31325,2,2,0.267985,1,0,1
36,BIDfirst,PR,21,2,0.49962,3,2,0.4241,0,1,1
36,BIDfirst,PR,22,2,0.41807,3,2,0.290055,1,1,1
36,BIDfirst,PR,23,2,0.412425,3,2,0.318975,1,1,1
36,BIDfirst,PR,24,2,0.336985,3,2,0.299225,1,1,1
36,BIDfirst,PR,25,2,0.400695,2,2,0.944275,1,0,1
37,NTfirst,PR,1,1,0.84928,2,2,1.418345,1,1,0
37,NTfirst,PR,2,2,1.707275,3,1,1.40092,0,1,0
37,NTfirst,PR,3,1,0.640815,3,2,1.17455,0,0,0
37,NTfirst,PR,4,1,0.583665,2,1,0.45827,0,1,1
37,NTfirst,PR,5,2,0.45677,2,2,0.510145,0,0,0
37,NTfirst,PR,6,1,0.33405,2,2,0.57525,0,1,0
37,NTfirst,PR,7,1,0.45344,2,1,0.313555,0,1,1
37,NTfirst,PR,8,2,0.327425,3,1,0.388285,0,1,0
37,NTfirst,PR,9,2,0.289285,3,2,0.31511,0,1,1
37,NTfirst,PR,10,1,0.55164,3,2,0.38672,1,0,0
37,NTfirst,PR,11,1,0.356895,2,2,0.267215,1,1,1
37,NTfirst,PR,12,1,0.274065,2,2,0.22538,1,1,1
37,NTfirst,PR,13,1,0.317315,2,2,0.29938,1,1,1
37,NTfirst,PR,14,1,0.304615,2,2,0.47762,1,1,1
37,NTfirst,PR,15,1,0.454245,3,2,0.58703,0,0,1
37,NTfirst,PR,16,1,0.49144,3,2,0.874095,1,0,1
37,NTfirst,PR,17,1,0.304385,2,2,0.393755,1,1,1
37,NTfirst,PR,18,1,0.284015,2,2,0.301235,1,1,1
37,NTfirst,PR,19,1,0.28987,3,2,0.33264,0,0,1
37,NTfirst,PR,20,1,0.26998,3,2,0.25064,1,0,1
37,NTfirst,PR,21,1,0.28734,2,2,0.244955,1,1,1
37,NTfirst,PR,22,1,0.25605,2,2,0.238185,1,1,1
37,NTfirst,PR,23,1,0.391975,2,2,0.460735,1,1,1
37,NTfirst,PR,24,1,0.268285,2,2,0.299615,1,1,1
37,NTfirst,PR,25,1,0.23843,2,2,0.23906,0,1,1
39,NTfirst,PR,1,2,0.78321,2,2,1.1651,1,0,0
39,NTfirst,PR,2,2,1.012515,3,2,1.31583,1,1,1
39,NTfirst,PR,3,2,1.004915,3,2,0.81623,1,1,1
39,NTfirst,PR,4,2,0.516905,3,2,0.521825,0,1,1
39,NTfirst,PR,5,2,0.436685,3,1,1.053275,0,1,1
39,NTfirst,PR,6,2,0.59989,3,2,0.399505,1,1,1
39,NTfirst,PR,7,2,0.4053,2,1,1.50464,1,0,1
39,NTfirst,PR,8,2,0.573515,3,2,0.713675,1,1,1
39,NTfirst,PR,9,2,0.393355,3,2,0.452465,1,1,1
39,NTfirst,PR,10,2,0.438995,3,2,0.5442,1,1,1
39,NTfirst,PR,11,2,0.40018,2,1,0.974685,1,0,1
39,NTfirst,PR,12,2,0.383185,3,2,0.42805,1,1,1
39,NTfirst,PR,13,2,0.42952,3,2,0.66602,1,1,1
39,NTfirst,PR,14,2,0.392825,3,2,0.44938,1,1,1
39,NTfirst,PR,15,2,0.373175,3,2,0.70411,0,1,1
39,NTfirst,PR,16,2,0.322885,3,2,0.350895,1,1,1
39,NTfirst,PR,17,2,0.340105,3,2,0.35249,1,1,1
39,NTfirst,PR,18,2,0.32382,3,2,0.53796,0,1,1
39,NTfirst,PR,19,2,0.283025,3,2,0.285895,0,1,1
39,NTfirst,PR,20,2,0.3067,3,1,0.321715,0,1,1
39,NTfirst,PR,21,1,0.32942,2,1,0.83874,1,1,0
39,NTfirst,PR,22,1,0.338495,2,1,0.40932,0,1,1
39,NTfirst,PR,23,2,0.304135,3,2,0.45633,1,1,0
39,NTfirst,PR,24,2,0.320315,3,2,0.3998,0,1,1
39,NTfirst,PR,25,1,0.373995,2,1,1.489025,1,1,0
40,BIDfirst,PR,1,2,1.15743,3,1,1.979855,0,1,0
40,BIDfirst,PR,2,1,0.917735,2,1,0.881335,1,1,0
40,BIDfirst,PR,3,1,1.43394,3,1,0.945615,0,0,1
40,BIDfirst,PR,4,1,1.408185,3,2,0.94964,1,0,1
40,BIDfirst,PR,5,2,0.908975,3,2,0.95244,1,1,0
40,BIDfirst,PR,6,2,0.5881,2,1,0.55308,0,0,1
40,BIDfirst,PR,7,2,0.91656,3,1,1.22969,0,1,1
40,BIDfirst,PR,8,2,0.53605,2,2,0.628115,1,0,1
40,BIDfirst,PR,9,1,0.555395,2,2,0.581035,1,1,0
40,BIDfirst,PR,10,2,0.80064,3,2,0.694025,1,1,0
40,BIDfirst,PR,11,2,0.52191,2,2,0.73462,1,0,1
40,BIDfirst,PR,12,2,0.425455,3,1,0.95943,0,1,1
40,BIDfirst,PR,13,2,0.426545,3,2,0.90434,1,1,1
40,BIDfirst,PR,14,1,0.484235,2,2,0.827505,1,1,0
40,BIDfirst,PR,15,1,0.46838,2,1,0.64158,1,1,1
40,BIDfirst,PR,16,1,0.451395,2,1,0.760955,0,1,1
40,BIDfirst,PR,17,1,0.59439,2,2,0.663465,1,1,1
40,BIDfirst,PR,18,2,0.30134,2,2,0.741975,1,0,0
40,BIDfirst,PR,19,2,0.668265,3,1,0.865,0,1,1
40,BIDfirst,PR,20,2,0.5573,3,2,0.477115,1,1,1
40,BIDfirst,PR,21,2,0.736575,2,2,0.713905,0,0,1
40,BIDfirst,PR,22,2,0.290685,3,2,0.91667,1,1,1
40,BIDfirst,PR,23,1,0.456185,2,2,0.564525,0,1,0
40,BIDfirst,PR,24,1,0.45208,2,1,0.4533,0,1,1
40,BIDfirst,PR,25,1,0.472335,2,2,0.597755,1,1,1
41,NTfirst,PR,1,1,0.9254,2,1,1.2009,1,1,0
41,NTfirst,PR,2,1,1.231,2,2,0.6893,1,1,1
41,NTfirst,PR,3,2,0.6984,3,1,0.7639,1,1,0
41,NTfirst,PR,4,2,0.492,3,2,0.4278,1,1,1
41,NTfirst,PR,5,1,0.4523,3,1,0.4921,1,0,0
41,NTfirst,PR,6,1,0.7321,2,1,0.8413,1,1,1
41,NTfirst,PR,7,1,0.6036,3,2,0.503,1,0,1
41,NTfirst,PR,8,1,0.4394,2,1,0.4885,0,1,1
41,NTfirst,PR,9,1,0.6474,2,2,0.4216,1,1,1
41,NTfirst,PR,10,1,0.4846,2,2,0.3709,0,1,1
41,NTfirst,PR,11,2,0.3861,2,1,0.339,0,0,0
41,NTfirst,PR,12,2,0.5347,3,2,0.8226,0,1,1
41,NTfirst,PR,13,2,0.3866,3,1,0.4581,1,1,1
41,NTfirst,PR,14,2,0.6168,3,1,0.3609,1,1,1
41,NTfirst,PR,15,2,0.3351,3,1,0.3035,0,1,1
41,NTfirst,PR,16,2,0.0597,2,1,0.3367,0,0,1
41,NTfirst,PR,17,2,0.3153,3,1,0.6373,1,1,1
41,NTfirst,PR,18,2,0.4009,2,2,0.8458,0,0,1
41,NTfirst,PR,19,2,0.3675,2,1,0.4268,0,0,1
41,NTfirst,PR,20,1,0.3554,2,2,0.7222,0,1,0
41,NTfirst,PR,21,2,0.3341,2,2,0.7694,1,0,0
41,NTfirst,PR,22,2,0.6713,3,1,0.7635,0,1,1
41,NTfirst,PR,23,2,0.3663,2,2,0.3405,1,0,1
41,NTfirst,PR,24,2,0.3491,3,1,1.3035,0,1,1
41,NTfirst,PR,25,1,0.4664,2,2,0.7552,1,1,0
42,BIDfirst,PR,1,1,0.99233,2,1,0.802085,0,1,0
42,BIDfirst,PR,2,1,1.333585,2,2,0.49152,1,1,1
42,BIDfirst,PR,3,2,0.32544,3,1,0.48188,0,1,0
42,BIDfirst,PR,4,2,0.23583,3,2,0.339685,0,1,1
42,BIDfirst,PR,5,1,0.30127,3,2,0.369425,1,0,0
42,BIDfirst,PR,6,1,0.546425,2,2,0.333185,0,1,1
42,BIDfirst,PR,7,1,0.384575,2,1,0.336625,0,1,1
42,BIDfirst,PR,8,2,0.41301,3,2,0.387055,0,1,0
42,BIDfirst,PR,9,1,0.46075,2,2,0.439915,1,1,0
42,BIDfirst,PR,10,1,0.40146,2,2,0.35544,1,1,1
42,BIDfirst,PR,11,1,0.34674,3,1,0.69149,1,0,1
42,BIDfirst,PR,12,1,0.29182,3,1,0.31919,1,0,1
42,BIDfirst,PR,13,1,0.521715,2,2,0.719125,1,1,1
42,BIDfirst,PR,14,1,0.25883,2,2,0.4639,0,1,1
42,BIDfirst,PR,15,2,0.434885,3,1,0.417695,0,1,0
42,BIDfirst,PR,16,2,0.378045,2,2,0.217395,0,0,1
42,BIDfirst,PR,17,1,0.45155,2,2,0.38952,1,1,0
42,BIDfirst,PR,18,1,0.574805,2,2,0.350905,1,1,1
42,BIDfirst,PR,19,2,0.42679,3,1,0.66651,1,1,0
42,BIDfirst,PR,20,2,0.401005,3,1,0.318925,0,1,1
42,BIDfirst,PR,21,1,0.417285,2,2,0.34989,1,1,0
42,BIDfirst,PR,22,1,0.243105,2,2,0.32157,1,1,1
42,BIDfirst,PR,23,1,0.23473,2,2,0.322035,1,1,1
42,BIDfirst,PR,24,1,0.244,3,1,0.646145,1,0,1
42,BIDfirst,PR,25,1,0.25848,2,2,0.518105,1,1,1
43,BIDfirst,PR,1,2,0.736035,2,2,0.996315,1,0,0
43,BIDfirst,PR,2,1,0.91862,3,1,0.83796,0,0,0
43,BIDfirst,PR,3,2,0.874,2,1,0.689275,0,0,0
43,BIDfirst,PR,4,1,0.982505,2,1,0.890585,0,1,0
43,BIDfirst,PR,5,2,0.71927,2,2,0.70129,0,0,0
43,BIDfirst,PR,6,2,0.93975,3,2,0.91478,1,1,1
43,BIDfirst,PR,7,2,0.603045,3,1,1.001895,0,1,1
43,BIDfirst,PR,8,1,0.671095,2,2,0.82412,1,1,0
43,BIDfirst,PR,9,1,0.897215,2,2,0.992695,0,1,1
43,BIDfirst,PR,10,2,0.81031,2,2,1.36784,1,0,0
43,BIDfirst,PR,11,2,0.73934,3,1,1.045985,0,1,1
43,BIDfirst,PR,12,1,0.72296,2,1,0.56262,0,1,0
43,BIDfirst,PR,13,2,0.59044,3,2,0.801575,1,1,0
43,BIDfirst,PR,14,2,0.53798,3,2,0.568145,1,1,1
43,BIDfirst,PR,15,1,0.892055,3,1,0.688275,1,0,0
43,BIDfirst,PR,16,1,0.770105,2,2,0.95652,0,1,1
43,BIDfirst,PR,17,1,0.537275,3,2,1.04062,0,0,1
43,BIDfirst,PR,18,2,0.70561,3,1,0.6085,1,1,0
43,BIDfirst,PR,19,2,0.925585,3,1,0.646255,0,1,1
43,BIDfirst,PR,20,1,0.53416,2,2,0.897825,0,1,0
43,BIDfirst,PR,21,1,1.01773,3,1,1.73678,1,0,1
43,BIDfirst,PR,22,1,0.53811,2,1,0.58261,0,1,1
43,BIDfirst,PR,23,2,0.601205,2,2,1.15918,1,0,0
43,BIDfirst,PR,24,2,1.02466,3,2,0.987845,1,1,1
43,BIDfirst,PR,25,2,0.47746,3,1,0.553835,1,1,1
44,NTfirst,PR,1,2,1.01858,2,1,1.00026,0,0,0
44,NTfirst,PR,2,2,1.13809,3,1,1.00887,0,1,1
44,NTfirst,PR,3,1,1.073945,3,1,0.88418,1,0,0
44,NTfirst,PR,4,1,0.786585,2,2,1.305945,1,1,1
44,NTfirst,PR,5,1,0.621325,3,1,1.000325,1,0,1
44,NTfirst,PR,6,1,0.425785,2,2,0.97948,1,1,1
44,NTfirst,PR,7,1,0.671725,2,2,0.61913,1,1,1
44,NTfirst,PR,8,1,0.453675,3,1,0.53143,1,0,1
44,NTfirst,PR,9,1,0.479595,3,1,0.62138,1,0,1
44,NTfirst,PR,10,1,0.4529,3,1,0.55811,1,0,1
44,NTfirst,PR,11,1,0.395675,3,1,0.4635,0,0,1
44,NTfirst,PR,12,1,0.437405,2,2,0.73403,1,1,1
44,NTfirst,PR,13,1,0.540855,3,1,0.59345,1,0,1
44,NTfirst,PR,14,1,0.55368,2,2,1.123495,1,1,1
44,NTfirst,PR,15,1,0.555365,2,2,0.618025,1,1,1
44,NTfirst,PR,16,1,0.491895,2,2,0.86873,1,1,1
44,NTfirst,PR,17,1,0.475945,2,2,0.58093,1,1,1
44,NTfirst,PR,18,1,0.37332,2,2,0.59196,1,1,1
44,NTfirst,PR,19,1,0.387655,2,2,0.40005,1,1,1
44,NTfirst,PR,20,1,0.4036,2,2,0.44149,0,1,1
44,NTfirst,PR,21,1,0.388,3,1,0.489605,0,0,1
44,NTfirst,PR,22,1,0.78607,3,1,0.97748,0,0,1
44,NTfirst,PR,23,1,0.441455,2,2,0.57662,0,1,1
44,NTfirst,PR,24,1,0.371875,2,2,0.602085,1,1,1
44,NTfirst,PR,25,1,0.825975,2,2,0.63954,0,1,1
46,NTfirst,PR,1,2,2.053765,3,1,2.436735,0,1,0
46,NTfirst,PR,2,1,3.05152,3,2,2.37035,1,0,0
46,NTfirst,PR,3,1,1.251815,2,2,2.557315,1,1,1
46,NTfirst,PR,4,2,1.884575,3,1,1.599245,0,1,0
46,NTfirst,PR,5,1,2.06617,3,1,1.93053,1,0,0
46,NTfirst,PR,6,2,2.787265,3,2,2.6511,1,1,0
46,NTfirst,PR,7,1,0.65814,3,2,3.484685,0,0,0
46,NTfirst,PR,8,2,0.985005,3,2,1.897045,1,1,0
46,NTfirst,PR,9,1,0.58486,2,2,1.50096,0,1,0
46,NTfirst,PR,10,2,1.85354,2,1,1.68222,1,0,0
46,NTfirst,PR,11,1,1.3532,3,2,4.458705,0,0,0
46,NTfirst,PR,12,2,0.786405,3,2,1.570655,0,1,0
46,NTfirst,PR,13,1,0.467715,2,1,1.116545,1,1,0
46,NTfirst,PR,14,2,0.46894,2,1,1.20117,1,0,0
46,NTfirst,PR,15,1,0.52191,2,1,0.75454,1,1,0
46,NTfirst,PR,16,2,0.508125,3,1,2.616495,0,1,0
46,NTfirst,PR,17,1,0.669105,2,1,0.772625,1,1,0
46,NTfirst,PR,18,2,0.45522,3,2,0.918415,1,1,0
46,NTfirst,PR,19,1,0.593225,2,1,0.673035,1,1,0
46,NTfirst,PR,20,2,0.433865,3,2,1.853835,0,1,0
46,NTfirst,PR,21,1,0.55866,3,1,2.803875,1,0,0
46,NTfirst,PR,22,2,0.33881,3,2,3.126795,1,1,0
46,NTfirst,PR,23,1,0.621645,2,1,0.790725,1,1,0
46,NTfirst,PR,24,2,0.408315,3,2,1.667335,0,1,0
46,NTfirst,PR,25,1,0.49741,2,1,0.640885,0,1,0
47,NTfirst,PR,1,1,0.829835,2,1,1.154,0,1,0
47,NTfirst,PR,2,1,0.92911,2,2,0.779855,1,1,1
47,NTfirst,PR,3,1,1.64359,2,2,0.706215,1,1,1
47,NTfirst,PR,4,1,0.84728,2,2,0.522625,0,1,1
47,NTfirst,PR,5,1,1.10806,3,2,2.1521,1,0,1
47,NTfirst,PR,6,1,0.730545,2,2,0.69872,0,1,1
47,NTfirst,PR,7,1,0.540595,3,2,0.82723,1,0,1
47,NTfirst,PR,8,1,0.572835,3,2,0.806085,1,0,1
47,NTfirst,PR,9,1,0.76807,2,2,0.51197,0,1,1
47,NTfirst,PR,10,1,0.55925,2,2,0.69034,0,1,1
47,NTfirst,PR,11,1,0.6285,2,2,0.561445,0,1,1
47,NTfirst,PR,12,1,0.740385,2,2,0.740375,0,1,1
47,NTfirst,PR,13,2,0.43461,3,1,0.79149,0,1,0
47,NTfirst,PR,14,2,0.505675,3,1,0.768395,1,1,1
47,NTfirst,PR,15,1,0.539395,2,2,0.381625,1,1,0
47,NTfirst,PR,16,1,1.10841,2,2,0.32776,1,1,1
47,NTfirst,PR,17,1,1.3592,2,1,0.692075,0,1,1
47,NTfirst,PR,18,1,0.87276,2,2,0.336405,1,1,1
47,NTfirst,PR,19,2,1.021195,3,1,0.447975,1,1,0
47,NTfirst,PR,20,1,0.786595,3,2,0.234955,0,0,0
47,NTfirst,PR,21,1,0.427925,3,2,0.647605,1,0,1
47,NTfirst,PR,22,1,0.327175,3,1,0.67625,0,0,1
47,NTfirst,PR,23,1,0.688205,2,2,0.294435,0,1,1
47,NTfirst,PR,24,1,0.538645,2,1,0.47876,0,1,1
47,NTfirst,PR,25,1,0.440545,2,2,0.372065,1,1,1
49,NTfirst,PR,1,1,0.976055,3,2,1.062225,0,0,0
49,NTfirst,PR,2,1,1.320135,2,1,1.394555,1,1,1
49,NTfirst,PR,3,2,0.83589,3,1,1.223635,0,1,0
49,NTfirst,PR,4,1,0.55575,2,1,0.69691,0,1,0
49,NTfirst,PR,5,1,0.676065,2,2,0.944965,1,1,1
49,NTfirst,PR,6,1,0.620495,2,2,0.46683,0,1,1
49,NTfirst,PR,7,1,0.553585,2,2,0.60719,0,1,1
49,NTfirst,PR,8,1,0.440565,3,2,0.96479,1,0,1
49,NTfirst,PR,9,1,0.65503,2,1,0.68049,1,1,1
49,NTfirst,PR,10,1,0.890635,2,1,0.43865,1,1,1
49,NTfirst,PR,11,1,0.406635,2,1,0.3544,1,1,1
49,NTfirst,PR,12,1,0.336365,2,1,0.379305,1,1,1
49,NTfirst,PR,13,1,0.422755,2,1,0.33812,1,1,1
49,NTfirst,PR,14,1,0.29606,3,1,0.349395,0,0,1
49,NTfirst,PR,15,2,0.402265,2,1,0.36947,1,0,0
49,NTfirst,PR,16,2,0.31996,3,2,0.785845,0,1,1
49,NTfirst,PR,17,2,0.268775,3,1,0.835835,1,1,1
49,NTfirst,PR,18,2,0.264155,3,1,0.308325,1,1,1
49,NTfirst,PR,19,2,0.283555,3,1,0.33395,1,1,1
49,NTfirst,PR,20,2,0.25925,2,1,0.796985,0,0,1
49,NTfirst,PR,21,1,0.25799,2,1,0.86362,0,1,0
49,NTfirst,PR,22,1,0.271415,3,1,0.814255,1,0,1
49,NTfirst,PR,23,1,0.38884,2,2,0.7719,1,1,1
49,NTfirst,PR,24,1,0.269845,2,2,0.369625,0,1,1
49,NTfirst,PR,25,2,0.31083,2,2,0.901495,0,0,0
50,BIDfirst,PR,1,2,0.415,2,2,0.888,1,0,0
50,BIDfirst,PR,2,2,0.765,2,2,0.554,1,0,1
50,BIDfirst,PR,3,2,0.41,3,2,1.073,1,1,1
50,BIDfirst,PR,4,2,0.47,2,2,0.625,1,0,1
50,BIDfirst,PR,5,2,0.277,2,2,0.435,0,0,1
50,BIDfirst,PR,6,2,0.482,3,2,0.69,1,1,1
50,BIDfirst,PR,7,2,0.354,2,2,0.67,1,0,1
50,BIDfirst,PR,8,2,0.333,3,2,0.642,1,1,1
50,BIDfirst,PR,9,2,0.338,3,2,0.519,1,1,1
50,BIDfirst,PR,10,2,0.349,2,2,0.328,1,0,1
50,BIDfirst,PR,11,2,0.333,3,2,0.387,1,1,1
50,BIDfirst,PR,12,2,0.424,3,2,0.388,0,1,1
50,BIDfirst,PR,13,2,0.344,3,2,0.436,1,1,1
50,BIDfirst,PR,14,2,0.288,3,2,0.355,1,1,1
50,BIDfirst,PR,15,2,0.299,3,2,0.371,0,1,1
50,BIDfirst,PR,16,2,0.355,3,2,0.486,0,1,1
50,BIDfirst,PR,17,2,0.381,3,1,0.407,1,1,1
50,BIDfirst,PR,18,2,0.401,3,1,0.396,0,1,1
50,BIDfirst,PR,19,2,0.371,3,1,0.436,0,1,1
50,BIDfirst,PR,20,2,0.29,3,2,0.344,1,1,1
50,BIDfirst,PR,21,2,0.392,3,2,0.392,1,1,1
50,BIDfirst,PR,22,2,0.317,2,2,0.692,1,0,1
50,BIDfirst,PR,23,2,0.554,3,2,0.781,1,1,1
50,BIDfirst,PR,24,2,0.481,2,2,0.725,1,0,1
50,BIDfirst,PR,25,1,0.343,2,2,0.674,1,1,0
51,BIDfirst,PR,1,2,0.832995,3,1,1.67766,0,1,0
51,BIDfirst,PR,2,2,0.853315,3,2,1.19395,1,1,1
51,BIDfirst,PR,3,2,1.17061,3,2,0.930305,1,1,1
51,BIDfirst,PR,4,2,0.87777,2,1,1.815065,0,0,1
51,BIDfirst,PR,5,2,1.000955,3,2,1.10198,1,1,1
51,BIDfirst,PR,6,2,0.57108,3,2,2.37838,1,1,1
51,BIDfirst,PR,7,2,0.708055,3,2,0.76637,1,1,1
51,BIDfirst,PR,8,2,0.735945,3,2,0.77478,0,1,1
51,BIDfirst,PR,9,1,1.25879,2,1,2.30077,0,1,0
51,BIDfirst,PR,10,1,0.59482,2,2,1.05698,1,1,1
51,BIDfirst,PR,11,1,1.70448,2,2,0.45835,1,1,1
51,BIDfirst,PR,12,2,1.50423,3,2,0.88192,1,1,0
51,BIDfirst,PR,13,2,1.783865,3,2,0.869345,1,1,1
51,BIDfirst,PR,14,2,1.10778,2,2,0.998185,1,0,1
51,BIDfirst,PR,15,2,1.190945,3,2,0.662215,1,1,1
51,BIDfirst,PR,16,1,0.747525,3,2,1.25422,0,0,0
51,BIDfirst,PR,17,2,0.626645,3,2,0.536825,0,1,0
51,BIDfirst,PR,18,2,3.058935,3,2,0.926605,0,1,1
51,BIDfirst,PR,19,1,1.066955,3,1,0.877505,1,0,0
51,BIDfirst,PR,20,1,1.419665,3,1,0.834045,0,0,1
51,BIDfirst,PR,21,2,1.08015,3,1,1.30829,0,1,0
51,BIDfirst,PR,22,2,1.00036,3,2,0.453905,0,1,1
51,BIDfirst,PR,23,2,0.82828,3,1,1.28166,0,1,1
51,BIDfirst,PR,24,2,0.478705,3,2,0.609815,1,1,1
51,BIDfirst,PR,25,2,0.48345,3,2,0.58175,0,1,1
52,NTfirst,PR,1,1,0.717065,3,1,0.926475,1,0,0
52,NTfirst,PR,2,1,0.984065,3,1,0.519945,1,0,1
52,NTfirst,PR,3,1,0.751455,3,1,0.462155,1,0,1
52,NTfirst,PR,4,1,0.45082,2,2,0.92693,1,1,1
52,NTfirst,PR,5,1,0.75063,3,2,1.107265,0,0,1
52,NTfirst,PR,6,1,0.56833,3,1,0.56198,1,0,1
52,NTfirst,PR,7,1,0.68372,2,2,1.055055,1,1,1
52,NTfirst,PR,8,1,0.717385,2,2,0.80451,1,1,1
52,NTfirst,PR,9,2,0.46717,2,2,0.8665,0,0,0
52,NTfirst,PR,10,1,0.55552,2,2,0.896735,0,1,0
52,NTfirst,PR,11,1,0.651235,3,1,0.60407,1,0,1
52,NTfirst,PR,12,1,0.676005,3,1,0.53517,0,0,1
52,NTfirst,PR,13,1,0.941165,2,1,0.77975,1,1,1
52,NTfirst,PR,14,1,0.45642,2,1,0.70124,0,1,1
52,NTfirst,PR,15,1,0.577385,2,2,0.71627,1,1,1
52,NTfirst,PR,16,2,0.484155,3,1,0.727975,0,1,0
52,NTfirst,PR,17,1,0.75319,2,1,0.94797,1,1,0
52,NTfirst,PR,18,1,0.76735,2,1,0.893535,0,1,1
52,NTfirst,PR,19,1,0.600575,2,2,1.101565,1,1,1
52,NTfirst,PR,20,1,0.61708,3,1,0.83528,0,0,1
52,NTfirst,PR,21,2,0.61765,3,1,0.683515,1,1,0
52,NTfirst,PR,22,2,0.68776,3,1,0.75433,0,1,1
52,NTfirst,PR,23,2,0.87569,2,2,0.95028,1,0,1
52,NTfirst,PR,24,2,0.57583,3,2,1.062995,0,1,1
52,NTfirst,PR,25,2,0.642705,2,2,0.885545,0,0,1
53,BIDfirst,PR,1,2,1.505,2,1,1.208,1,0,0
53,BIDfirst,PR,2,2,0.866,2,1,0.45,0,0,1
53,BIDfirst,PR,3,2,0.65,3,2,1.812,0,1,1
53,BIDfirst,PR,4,1,0.587,2,2,1.193,1,1,0
53,BIDfirst,PR,5,1,0.601,2,2,0.877,1,1,1
53,BIDfirst,PR,6,1,0.715,2,2,0.384,1,1,1
53,BIDfirst,PR,7,1,0.543,3,1,2.179,1,0,1
53,BIDfirst,PR,8,1,0.984,2,1,0.893,1,1,1
53,BIDfirst,PR,9,1,0.975,3,2,1.129,1,0,1
53,BIDfirst,PR,10,1,0.742,2,1,0.951,0,1,1
53,BIDfirst,PR,11,1,0.988,3,2,0.493,1,0,1
53,BIDfirst,PR,12,1,0.553,3,2,1.147,1,0,1
53,BIDfirst,PR,13,1,0.706,2,1,0.999,0,1,1
53,BIDfirst,PR,14,1,0.582,3,2,0.487,1,0,1
53,BIDfirst,PR,15,1,0.615,2,1,1.02,0,1,1
53,BIDfirst,PR,16,1,0.556,3,2,0.407,0,0,1
53,BIDfirst,PR,17,1,0.636,2,1,0.935,0,1,1
53,BIDfirst,PR,18,1,0.538,2,2,0.44,1,1,1
53,BIDfirst,PR,19,1,0.493,2,2,0.409,1,1,1
53,BIDfirst,PR,20,1,0.734,2,2,0.367,1,1,1
53,BIDfirst,PR,21,1,0.549,2,2,0.476,0,1,1
53,BIDfirst,PR,22,1,0.503,3,1,1.488,0,0,1
53,BIDfirst,PR,23,1,0.415,3,2,0.765,0,0,1
53,BIDfirst,PR,24,1,0.335,3,1,0.592,0,0,1
53,BIDfirst,PR,25,1,0.347,2,2,0.656,0,1,1
55,BIDfirst,PR,1,2,0.45813,2,1,0.91501,0,0,0
55,BIDfirst,PR,2,2,0.70525,3,2,1.081405,1,1,1
55,BIDfirst,PR,3,1,1.24855,3,1,0.99198,0,0,0
55,BIDfirst,PR,4,2,0.391545,2,2,0.887645,1,0,0
55,BIDfirst,PR,5,2,0.634085,3,2,0.93087,1,1,1
55,BIDfirst,PR,6,2,0.419995,3,2,0.965875,1,1,1
55,BIDfirst,PR,7,2,0.453555,3,2,0.961875,1,1,1
55,BIDfirst,PR,8,2,0.381495,3,2,0.80019,1,1,1
55,BIDfirst,PR,9,2,0.35563,2,2,0.688495,0,0,1
55,BIDfirst,PR,10,2,0.851715,3,2,0.390745,1,1,1
55,BIDfirst,PR,11,2,0.45624,3,2,0.71564,0,1,1
55,BIDfirst,PR,12,2,0.33359,2,1,1.05158,0,0,1
55,BIDfirst,PR,13,2,0.61885,3,2,0.38648,1,1,1
55,BIDfirst,PR,14,2,0.38027,3,2,0.705235,1,1,1
55,BIDfirst,PR,15,2,0.364215,3,2,0.71246,1,1,1
55,BIDfirst,PR,16,2,0.32551,2,2,0.766015,1,0,1
55,BIDfirst,PR,17,2,0.337835,3,2,0.61583,1,1,1
55,BIDfirst,PR,18,2,0.28509,3,2,0.6737,1,1,1
55,BIDfirst,PR,19,2,0.33048,3,2,0.420185,1,1,1
55,BIDfirst,PR,20,2,0.28837,2,2,0.490035,1,0,1
55,BIDfirst,PR,21,2,0.24074,3,2,0.403325,1,1,1
55,BIDfirst,PR,22,2,0.31151,3,2,0.34028,1,1,1
55,BIDfirst,PR,23,2,0.321115,3,2,0.457785,1,1,1
55,BIDfirst,PR,24,2,0.292515,3,2,0.408845,0,1,1
55,BIDfirst,PR,25,2,0.319815,2,2,0.549335,0,0,1
56,NTfirst,PR,1,2,0.733,3,1,0.959,0,1,0
56,NTfirst,PR,2,2,0.621,3,2,0.814,1,1,1
56,NTfirst,PR,3,2,0.611,2,2,0.99,1,0,1
56,NTfirst,PR,4,1,0.514,2,2,0.875,0,1,0
56,NTfirst,PR,5,2,0.484,3,2,0.809,1,1,0
56,NTfirst,PR,6,2,0.428,2,2,0.873,0,0,1
56,NTfirst,PR,7,2,0.51,3,2,0.666,1,1,1
56,NTfirst,PR,8,2,0.495,3,1,0.729,0,1,1
56,NTfirst,PR,9,2,0.508,2,1,0.711,1,0,1
56,NTfirst,PR,10,2,0.476,3,2,0.717,1,1,1
56,NTfirst,PR,11,2,0.555,2,1,1.002,0,0,1
56,NTfirst,PR,12,2,0.506,2,1,0.806,1,0,1
56,NTfirst,PR,13,2,0.462,3,2,0.56,1,1,1
56,NTfirst,PR,14,2,0.412,2,1,0.635,0,0,1
56,NTfirst,PR,15,2,0.684,3,2,0.557,0,1,1
56,NTfirst,PR,16,1,0.335,2,2,0.687,1,1,0
56,NTfirst,PR,17,1,0.388,2,2,0.634,0,1,1
56,NTfirst,PR,18,2,0.322,2,2,0.66,0,0,0
56,NTfirst,PR,19,2,0.301,3,2,0.756,0,1,1
56,NTfirst,PR,20,1,0.401,2,1,0.583,0,1,0
56,NTfirst,PR,21,2,0.374,2,1,0.742,0,0,0
56,NTfirst,PR,22,2,0.417,3,2,0.6,0,1,1
56,NTfirst,PR,23,2,0.359,3,1,0.693,0,1,1
56,NTfirst,PR,24,1,0.38,2,2,0.749,1,1,0
56,NTfirst,PR,25,1,0.319,2,2,0.416,1,1,1
57,BIDfirst,PR,1,1,0.708775,2,2,0.880075,1,1,0
57,BIDfirst,PR,2,1,0.634735,3,1,0.63982,1,0,1
57,BIDfirst,PR,3,2,0.413365,3,1,0.65133,0,1,0
57,BIDfirst,PR,4,1,0.37318,2,1,0.653585,1,1,0
57,BIDfirst,PR,5,1,0.30025,3,2,0.38769,1,0,1
57,BIDfirst,PR,6,1,0.305725,2,2,0.61311,1,1,1
57,BIDfirst,PR,7,1,0.417185,2,2,0.50317,1,1,1
57,BIDfirst,PR,8,1,0.30773,2,2,0.32144,1,1,1
57,BIDfirst,PR,9,1,0.26248,2,2,0.27288,1,1,1
57,BIDfirst,PR,10,1,0.266575,3,2,0.256455,0,0,1
57,BIDfirst,PR,11,1,0.28711,2,2,0.39049,1,1,1
57,BIDfirst,PR,12,1,0.50025,3,1,0.64794,1,0,1
57,BIDfirst,PR,13,1,0.287495,3,2,0.37137,0,0,1
57,BIDfirst,PR,14,1,0.253575,2,2,0.38419,1,1,1
57,BIDfirst,PR,15,1,0.184615,3,1,0.40561,1,0,1
57,BIDfirst,PR,16,1,0.29455,2,2,0.339945,1,1,1
57,BIDfirst,PR,17,1,0.267725,2,1,0.41971,1,1,1
57,BIDfirst,PR,18,1,0.250925,2,2,0.45929,0,1,1
57,BIDfirst,PR,19,1,0.272105,3,1,0.60407,0,0,1
57,BIDfirst,PR,20,1,0.527605,3,2,0.796645,1,0,1
57,BIDfirst,PR,21,2,0.234055,3,2,0.52799,1,1,0
57,BIDfirst,PR,22,2,0.267645,3,1,0.592215,0,1,1
57,BIDfirst,PR,23,2,0.288105,3,2,0.56094,0,1,1
57,BIDfirst,PR,24,2,0.2256,3,1,0.464,0,1,1
57,BIDfirst,PR,25,2,0.20859,3,1,0.482715,1,1,1
59,NTfirst,PR,1,1,0.810965,2,1,1.466265,0,1,0
59,NTfirst,PR,2,2,1.21753,3,2,1.04272,0,1,0
59,NTfirst,PR,3,1,0.76216,2,1,0.887545,1,1,0
59,NTfirst,PR,4,1,1.006015,2,2,1.16008,1,1,1
59,NTfirst,PR,5,2,1.087175,2,2,1.051495,0,0,0
59,NTfirst,PR,6,1,0.607245,3,1,1.211705,0,0,0
59,NTfirst,PR,7,2,0.902285,3,2,0.818555,0,1,0
59,NTfirst,PR,8,1,0.780375,2,2,0.954,1,1,0
59,NTfirst,PR,9,2,0.98635,3,2,0.91506,1,1,0
59,NTfirst,PR,10,2,0.87683,2,2,0.92841,1,0,1
59,NTfirst,PR,11,2,0.5551,3,1,0.894825,0,1,1
59,NTfirst,PR,12,2,0.425985,2,2,0.838295,0,0,1
59,NTfirst,PR,13,1,0.613405,3,1,0.746245,0,0,0
59,NTfirst,PR,14,2,0.66993,3,1,1.069605,0,1,0
59,NTfirst,PR,15,2,0.954835,3,2,0.65319,0,1,1
59,NTfirst,PR,16,1,0.51928,3,1,0.63035,0,0,0
59,NTfirst,PR,17,2,0.343525,3,2,1.245355,0,1,0
59,NTfirst,PR,18,2,0.645955,3,1,0.57042,0,1,1
59,NTfirst,PR,19,1,0.571925,2,2,0.456015,1,1,0
59,NTfirst,PR,20,1,0.89245,2,2,0.510585,1,1,1
59,NTfirst,PR,21,1,0.60977,3,2,0.641085,0,0,1
59,NTfirst,PR,22,1,0.03467,3,2,0.57144,1,0,1
59,NTfirst,PR,23,1,0.670935,3,2,1.855985,1,0,1
59,NTfirst,PR,24,1,0.768275,2,1,0.513475,0,1,1
59,NTfirst,PR,25,2,1.22821,3,2,0.54246,1,1,0
60,NTfirst,PR,1,1,1.66699,2,2,0.82738,0,1,0
60,NTfirst,PR,2,1,0.83407,3,1,0.410655,0,0,1
60,NTfirst,PR,3,2,0.30804,3,2,0.294355,1,1,0
60,NTfirst,PR,4,2,0.335005,3,2,0.244185,0,1,1
60,NTfirst,PR,5,2,0.32242,3,1,0.327205,1,1,1
60,NTfirst,PR,6,2,0.357145,2,1,0.3142,0,0,1
60,NTfirst,PR,7,2,0.262805,3,1,0.424005,0,1,1
60,NTfirst,PR,8,2,0.304175,3,2,0.394885,1,1,1
60,NTfirst,PR,9,2,0.320035,2,2,0.24462,1,0,1
60,NTfirst,PR,10,2,0.275065,3,2,0.24568,1,1,1
60,NTfirst,PR,11,2,0.31836,3,2,0.38841,1,1,1
60,NTfirst,PR,12,2,0.266465,2,2,0.20025,0,0,1
60,NTfirst,PR,13,2,0.28093,2,2,0.21237,1,0,1
60,NTfirst,PR,14,2,0.319585,3,2,0.239305,1,1,1
60,NTfirst,PR,15,2,0.10871,3,2,0.22248,0,1,1
60,NTfirst,PR,16,2,0.01767,3,2,0.236985,1,1,1
60,NTfirst,PR,17,2,0.03696,3,2,0.271435,1,1,1
60,NTfirst,PR,18,2,0.018275,2,2,0.24211,0,0,1
60,NTfirst,PR,19,2,0.884035,3,2,0.44026,0,1,1
60,NTfirst,PR,20,2,0.30095,3,1,0.902705,1,1,1
60,NTfirst,PR,21,2,0.334615,3,1,0.520645,1,1,1
60,NTfirst,PR,22,2,0.269685,2,1,0.943935,1,0,1
60,NTfirst,PR,23,2,0.284335,3,2,0.522245,1,1,1
60,NTfirst,PR,24,2,0.38416,3,2,0.38905,1,1,1
60,NTfirst,PR,25,2,0.07212,3,2,0.54651,0,1,1
61,NTfirst,PR,1,2,0.64854,2,1,1.144325,1,0,0
61,NTfirst,PR,2,2,0.950645,3,2,0.914405,1,1,1
61,NTfirst,PR,3,2,0.466885,3,2,0.96089,0,1,1
61,NTfirst,PR,4,2,0.577765,3,2,0.82864,0,1,1
61,NTfirst,PR,5,2,0.419415,3,2,0.978745,1,1,1
61,NTfirst,PR,6,2,0.500375,3,2,0.937835,0,1,1
61,NTfirst,PR,7,2,0.567175,3,1,1.00675,1,1,1
61,NTfirst,PR,8,2,0.47769,2,1,1.05335,1,0,1
61,NTfirst,PR,9,2,0.569555,2,1,0.65893,1,0,1
61,NTfirst,PR,10,2,0.518715,3,1,0.87603,1,1,1
61,NTfirst,PR,11,2,0.500795,3,1,0.73962,0,1,1
61,NTfirst,PR,12,2,0.45642,3,1,0.49074,1,1,1
61,NTfirst,PR,13,2,0.425535,3,1,0.55432,0,1,1
61,NTfirst,PR,14,2,0.394595,3,1,0.43966,1,1,1
61,NTfirst,PR,15,2,0.38676,3,1,0.52863,0,1,1
61,NTfirst,PR,16,2,0.40658,3,2,0.420605,1,1,1
61,NTfirst,PR,17,2,0.383365,2,2,0.512245,0,0,1
61,NTfirst,PR,18,2,0.53434,3,2,0.78214,1,1,1
61,NTfirst,PR,19,2,0.344705,2,1,0.76509,0,0,1
61,NTfirst,PR,20,2,0.43681,2,1,0.488345,0,0,1
61,NTfirst,PR,21,2,0.42507,3,1,1.032365,0,1,1
61,NTfirst,PR,22,2,0.39315,2,1,0.579155,0,0,1
61,NTfirst,PR,23,2,0.33449,3,2,0.466355,0,1,1
61,NTfirst,PR,24,2,0.48436,3,2,0.433735,1,1,1
61,NTfirst,PR,25,2,0.392595,2,1,0.95,1,0,1
62,NTfirst,PR,1,1,1.16515,3,2,0.93102,0,0,0
62,NTfirst,PR,2,2,1.06336,3,1,0.697185,1,1,0
62,NTfirst,PR,3,2,0.891425,3,1,0.43234,1,1,1
62,NTfirst,PR,4,2,0.76377,2,1,1.453075,1,0,1
62,NTfirst,PR,5,2,0.932525,2,1,1.06744,0,0,1
62,NTfirst,PR,6,1,0.47536,3,1,1.126815,1,0,0
62,NTfirst,PR,7,1,1.052395,2,1,1.161765,0,1,1
62,NTfirst,PR,8,1,0.57727,2,2,0.8208,1,1,1
62,NTfirst,PR,9,2,0.47836,3,1,0.69242,0,1,0
62,NTfirst,PR,10,2,1.01054,2,2,1.028365,1,0,1
62,NTfirst,PR,11,2,0.47065,2,2,0.490625,1,0,1
62,NTfirst,PR,12,2,0.491625,3,2,0.405165,1,1,1
62,NTfirst,PR,13,2,0.436085,3,2,0.562135,1,1,1
62,NTfirst,PR,14,2,0.321555,3,2,0.476015,1,1,1
62,NTfirst,PR,15,2,0.33245,2,2,1.15034,1,0,1
62,NTfirst,PR,16,2,0.5101,3,2,0.43028,1,1,1
62,NTfirst,PR,17,2,0.267095,3,2,0.438315,1,1,1
62,NTfirst,PR,18,2,0.3694,2,2,0.45107,0,0,1
62,NTfirst,PR,19,1,0.52872,2,2,0.638705,1,1,0
62,NTfirst,PR,20,1,0.385645,2,2,0.278185,1,1,1
62,NTfirst,PR,21,1,0.3654,3,2,0.451645,1,0,1
62,NTfirst,PR,22,1,0.36094,2,2,0.452215,1,1,1
62,NTfirst,PR,23,1,0.33194,3,2,0.290275,1,0,1
62,NTfirst,PR,24,1,0.30982,2,2,0.313225,1,1,1
62,NTfirst,PR,25,1,0.110545,2,2,0.34307,1,1,1
64,BIDfirst,PR,1,2,1.146515,2,1,1.08955,1,0,0
64,BIDfirst,PR,2,1,1.15568,2,2,0.837955,1,1,0
64,BIDfirst,PR,3,2,0.758015,3,2,0.71294,1,1,0
64,BIDfirst,PR,4,1,1.128665,2,1,1.25809,1,1,0
64,BIDfirst,PR,5,2,0.594325,2,2,0.564955,1,0,0
64,BIDfirst,PR,6,1,0.520675,2,1,0.45478,1,1,0
64,BIDfirst,PR,7,1,0.484865,2,1,0.354765,0,1,1
64,BIDfirst,PR,8,1,0.987435,2,2,0.351745,1,1,1
64,BIDfirst,PR,9,2,0.532765,2,2,0.619265,1,0,0
64,BIDfirst,PR,10,2,0.60844,3,2,0.348855,0,1,1
64,BIDfirst,PR,11,2,0.618505,3,1,0.46471,0,1,1
64,BIDfirst,PR,12,1,0.38581,2,2,0.385345,1,1,0
64,BIDfirst,PR,13,1,0.45927,3,2,0.73147,1,0,1
64,BIDfirst,PR,14,1,0.430935,3,2,0.47027,1,0,1
64,BIDfirst,PR,15,1,0.51945,3,2,0.35597,0,0,1
64,BIDfirst,PR,16,1,0.437105,2,1,0.31778,0,1,1
64,BIDfirst,PR,17,2,0.33182,2,2,0.48289,1,0,0
64,BIDfirst,PR,18,2,0.509315,3,2,0.43479,1,1,1
64,BIDfirst,PR,19,2,0.3671,3,2,0.384175,0,1,1
64,BIDfirst,PR,20,1,0.270335,2,2,0.31238,1,1,0
64,BIDfirst,PR,21,2,0.586115,3,1,0.416725,0,1,0
64,BIDfirst,PR,22,1,0.44672,3,2,0.494345,1,0,0
64,BIDfirst,PR,23,1,0.50313,2,2,0.341225,0,1,1
64,BIDfirst,PR,24,1,0.18497,3,1,0.317135,1,0,1
64,BIDfirst,PR,25,1,0.57613,3,1,0.333385,0,0,1
65,BIDfirst,PR,1,1,0.50102,3,1,0.788825,0,0,0
65,BIDfirst,PR,2,1,0.428135,2,1,1.02913,0,1,1
65,BIDfirst,PR,3,1,0.49253,2,2,0.71824,1,1,1
65,BIDfirst,PR,4,2,0.87066,2,2,0.805235,0,0,0
65,BIDfirst,PR,5,1,0.509035,2,1,0.89932,1,1,0
65,BIDfirst,PR,6,1,0.43725,3,2,1.016005,1,0,1
65,BIDfirst,PR,7,1,0.45183,3,2,0.619925,1,0,1
65,BIDfirst,PR,8,1,0.45377,2,1,1.025415,0,1,1
65,BIDfirst,PR,9,2,0.21767,2,2,0.833955,1,0,0
65,BIDfirst,PR,10,2,0.48408,3,2,0.818305,1,1,1
65,BIDfirst,PR,11,2,0.272295,3,2,0.371025,1,1,1
65,BIDfirst,PR,12,2,0.21729,3,2,0.358755,1,1,1
65,BIDfirst,PR,13,2,0.23986,3,2,0.35245,0,1,1
65,BIDfirst,PR,14,2,0.246845,3,2,0.300045,1,1,1
65,BIDfirst,PR,15,2,0.217055,2,2,0.239655,1,0,1
65,BIDfirst,PR,16,2,0.19016,3,2,0.338975,1,1,1
65,BIDfirst,PR,17,2,0.18541,2,2,0.78368,1,0,1
65,BIDfirst,PR,18,2,0.23476,3,2,0.42551,1,1,1
65,BIDfirst,PR,19,2,0.23403,3,2,0.49689,0,1,1
65,BIDfirst,PR,20,2,0.144655,3,2,0.340915,0,1,1
65,BIDfirst,PR,21,1,0.00784,3,2,0.29693,1,0,0
65,BIDfirst,PR,22,1,0.22018,2,2,0.25749,1,1,1
65,BIDfirst,PR,23,1,0.317645,3,2,0.356585,1,0,1
65,BIDfirst,PR,24,1,0.02779,2,2,0.000945,0,1,1
65,BIDfirst,PR,25,1,0.25532,2,2,0.207645,1,1,1
66,BIDfirst,PR,1,1,0.84004,2,1,0.854825,1,1,0
66,BIDfirst,PR,2,1,0.673295,3,2,0.929915,1,0,1
66,BIDfirst,PR,3,1,0.585735,2,1,0.678555,0,1,1
66,BIDfirst,PR,4,1,0.484775,3,2,0.6574,1,0,1
66,BIDfirst,PR,5,2,0.571545,3,1,0.555875,0,1,0
66,BIDfirst,PR,6,2,0.485235,3,2,0.664845,1,1,1
66,BIDfirst,PR,7,1,0.36983,3,2,0.92467,1,0,0
66,BIDfirst,PR,8,2,0.487065,2,1,0.69504,0,0,0
66,BIDfirst,PR,9,2,0.40565,3,2,0.7404,1,1,1
66,BIDfirst,PR,10,2,0.391235,3,2,0.464055,1,1,1
66,BIDfirst,PR,11,2,0.384905,3,2,0.496435,0,1,1
66,BIDfirst,PR,12,1,0.335045,2,2,0.660415,0,1,0
66,BIDfirst,PR,13,1,0.39079,3,2,0.625635,1,0,1
66,BIDfirst,PR,14,1,0.401125,2,2,0.944195,1,1,1
66,BIDfirst,PR,15,1,0.434975,3,2,0.59243,1,0,1
66,BIDfirst,PR,16,1,0.48811,2,2,0.839725,0,1,1
66,BIDfirst,PR,17,1,0.35416,2,2,0.69297,1,1,1
66,BIDfirst,PR,18,2,0.517745,3,2,0.495895,1,1,0
66,BIDfirst,PR,19,2,0.36641,2,2,0.384265,0,0,1
66,BIDfirst,PR,20,2,0.366715,2,2,0.86158,1,0,1
66,BIDfirst,PR,21,1,0.419365,2,2,0.59656,0,1,0
66,BIDfirst,PR,22,2,0.637035,3,2,0.511395,0,1,0
66,BIDfirst,PR,23,1,0.30059,2,2,0.577565,0,1,0
66,BIDfirst,PR,24,1,0.45128,2,1,0.78124,0,1,1
66,BIDfirst,PR,25,2,0.33464,3,2,0.514345,1,1,0
67,NTfirst,PR,1,2,0.642355,3,2,0.825265,0,1,0
67,NTfirst,PR,2,1,0.467715,2,1,0.598685,1,1,0
67,NTfirst,PR,3,1,0.51874,2,1,0.429265,1,1,1
67,NTfirst,PR,4,1,0.572855,2,1,0.42836,1,1,1
67,NTfirst,PR,5,1,0.389175,2,1,0.52195,0,1,1
67,NTfirst,PR,6,1,0.48465,2,2,0.62987,1,1,1
67,NTfirst,PR,7,2,0.53913,2,2,0.542745,1,0,0
67,NTfirst,PR,8,2,0.376025,3,1,0.43055,0,1,1
67,NTfirst,PR,9,1,0.394255,2,2,0.344135,1,1,0
67,NTfirst,PR,10,1,0.31838,3,2,1.301705,0,0,1
67,NTfirst,PR,11,1,0.56917,2,2,0.717695,1,1,1
67,NTfirst,PR,12,1,0.3375,2,2,0.407635,1,1,1
67,NTfirst,PR,13,2,0.51842,2,2,0.62882,1,0,0
67,NTfirst,PR,14,2,0.354385,3,1,0.778095,0,1,1
67,NTfirst,PR,15,1,0.351285,2,2,0.66615,0,1,0
67,NTfirst,PR,16,1,0.36817,3,1,0.61565,0,0,1
67,NTfirst,PR,17,2,0.37145,3,1,0.86261,0,1,0
67,NTfirst,PR,18,2,0.3216,3,2,0.392575,1,1,1
67,NTfirst,PR,19,2,0.34355,2,2,0.73206,1,0,1
67,NTfirst,PR,20,2,0.46993,3,2,0.397405,1,1,1
67,NTfirst,PR,21,2,0.401415,2,2,0.49636,0,0,1
67,NTfirst,PR,22,2,0.35195,3,2,0.605235,1,1,1
67,NTfirst,PR,23,2,0.50363,2,2,0.44851,1,0,1
67,NTfirst,PR,24,2,0.395585,2,2,0.456795,1,0,1
67,NTfirst,PR,25,2,0.42582,2,2,0.411185,0,0,1
68,BIDfirst,PR,1,2,0.68169,3,2,1.15918,1,1,0
68,BIDfirst,PR,2,1,1.118525,3,1,0.853875,0,0,0
68,BIDfirst,PR,3,1,1.031105,3,1,0.63802,0,0,1
68,BIDfirst,PR,4,2,1.08985,3,1,1.01481,0,1,0
68,BIDfirst,PR,5,2,0.733985,2,2,1.30252,0,0,1
68,BIDfirst,PR,6,2,1.775325,3,1,0.638915,0,1,1
68,BIDfirst,PR,7,2,0.38671,2,1,0.66357,0,0,1
68,BIDfirst,PR,8,2,0.50739,3,1,0.92272,0,1,1
68,BIDfirst,PR,9,2,0.4268,3,2,0.33554,0,1,1
68,BIDfirst,PR,10,1,0.49925,2,1,0.83166,1,1,0
68,BIDfirst,PR,11,1,0.468135,2,2,0.80025,0,1,1
68,BIDfirst,PR,12,1,0.61217,2,1,0.58295,1,1,1
68,BIDfirst,PR,13,1,0.671355,3,2,0.482595,1,0,1
68,BIDfirst,PR,14,1,0.48681,3,2,0.562295,1,0,1
68,BIDfirst,PR,15,1,0.38583,2,1,0.309215,0,1,1
68,BIDfirst,PR,16,1,0.44232,3,1,0.355785,0,0,1
68,BIDfirst,PR,17,2,0.439105,2,2,0.409755,1,0,0
68,BIDfirst,PR,18,1,0.60837,2,2,0.389945,1,1,0
68,BIDfirst,PR,19,1,0.570285,2,1,0.37931,0,1,1
68,BIDfirst,PR,20,2,0.353075,3,1,0.357155,0,1,0
68,BIDfirst,PR,21,2,0.60106,2,1,0.50006,0,0,1
68,BIDfirst,PR,22,2,0.308695,2,1,0.502275,1,0,1
68,BIDfirst,PR,23,1,0.543225,2,2,0.356085,1,1,0
68,BIDfirst,PR,24,2,0.268005,3,2,0.500705,0,1,0
68,BIDfirst,PR,25,2,0.708385,3,1,0.349415,0,1,1
69,BIDfirst,PR,1,2,0.578945,3,1,0.615595,0,1,0
69,BIDfirst,PR,2,1,0.741735,2,1,0.908265,0,1,0
69,BIDfirst,PR,3,2,0.983175,2,1,1.34683,0,0,0
69,BIDfirst,PR,4,2,1.167145,3,2,0.7596,0,1,1
69,BIDfirst,PR,5,1,0.417085,3,2,0.693975,1,0,0
69,BIDfirst,PR,6,2,1.17043,3,1,1.071415,0,1,0
69,BIDfirst,PR,7,1,0.585965,2,2,1.601295,0,1,0
69,BIDfirst,PR,8,2,0.45762,3,2,0.908605,1,1,0
69,BIDfirst,PR,9,2,0.88394,3,2,0.610605,0,1,1
69,BIDfirst,PR,10,2,0.76985,3,1,0.54593,0,1,1
69,BIDfirst,PR,11,1,0.35098,2,2,0.61199,1,1,0
69,BIDfirst,PR,12,2,0.36727,3,2,0.39377,1,1,0
69,BIDfirst,PR,13,2,0.416845,2,2,1.28462,1,0,1
69,BIDfirst,PR,14,2,0.467905,3,2,0.424275,0,1,1
69,BIDfirst,PR,15,2,0.38891,3,2,0.41255,1,1,1
69,BIDfirst,PR,16,2,0.288825,3,2,0.31619,1,1,1
69,BIDfirst,PR,17,2,0.321,3,2,0.513885,1,1,1
69,BIDfirst,PR,18,2,0.204075,3,2,0.403845,0,1,1
69,BIDfirst,PR,19,2,0.35295,3,2,0.91271,1,1,1
69,BIDfirst,PR,20,2,0.47113,3,2,0.3833,1,1,1
69,BIDfirst,PR,21,2,0.2272,2,2,1.33371,1,0,1
69,BIDfirst,PR,22,2,0.604405,3,2,0.39088,1,1,1
69,BIDfirst,PR,23,2,0.29225,2,2,0.797805,1,0,1
69,BIDfirst,PR,24,2,0.23425,3,2,0.38217,0,1,1
69,BIDfirst,PR,25,2,0.35317,2,2,0.609575,1,0,1
70,NTfirst,PR,1,2,0.53813,2,1,0.93872,1,0,0
70,NTfirst,PR,2,2,0.900495,3,1,1.19958,0,1,1
70,NTfirst,PR,3,2,1.125555,2,1,1.409435,0,0,1
70,NTfirst,PR,4,1,1.4508,2,2,0.83713,1,1,0
70,NTfirst,PR,5,1,0.626125,2,2,0.671435,1,1,1
70,NTfirst,PR,6,2,1.071895,3,2,1.04162,1,1,0
70,NTfirst,PR,7,1,0.854945,3,2,1.171575,1,0,0
70,NTfirst,PR,8,2,0.719545,3,2,1.2387,1,1,0
70,NTfirst,PR,9,1,0.834435,2,2,0.623425,1,1,0
70,NTfirst,PR,10,1,1.07451,2,2,0.52196,1,1,1
70,NTfirst,PR,11,2,0.587965,3,2,0.976165,0,1,0
70,NTfirst,PR,12,1,0.48726,2,2,0.35677,1,1,0
70,NTfirst,PR,13,1,0.484225,2,2,0.472275,1,1,1
70,NTfirst,PR,14,1,0.553585,2,2,0.26479,0,1,1
70,NTfirst,PR,15,1,0.450475,2,2,0.25977,1,1,1
70,NTfirst,PR,16,1,0.36819,2,2,0.65617,1,1,1
70,NTfirst,PR,17,1,0.350775,3,2,0.274485,1,0,1
70,NTfirst,PR,18,2,0.370305,3,2,0.640095,1,1,0
70,NTfirst,PR,19,1,0.66717,3,2,0.295025,0,0,0
70,NTfirst,PR,20,1,0.450995,2,2,0.42686,0,1,1
70,NTfirst,PR,21,1,0.46795,2,2,0.25545,0,1,1
70,NTfirst,PR,22,1,0.24235,3,2,0.358215,1,0,1
70,NTfirst,PR,23,2,0.652195,3,2,0.75821,1,1,0
70,NTfirst,PR,24,2,0.70042,2,2,0.558205,0,0,1
70,NTfirst,PR,25,2,0.607105,3,2,0.49142,1,1,1
71,BIDfirst,PR,1,1,0.98591,3,1,1.58706,0,0,0
71,BIDfirst,PR,2,1,1.76932,3,2,0.507435,1,0,1
71,BIDfirst,PR,3,2,1.090435,3,2,1.541855,1,1,0
71,BIDfirst,PR,4,2,0.919785,3,1,0.51415,0,1,1
71,BIDfirst,PR,5,2,1.23335,3,2,0.577805,1,1,1
71,BIDfirst,PR,6,1,0.585055,2,2,2.118785,1,1,0
71,BIDfirst,PR,7,1,0.73742,3,1,0.450695,0,0,1
71,BIDfirst,PR,8,1,0.68792,2,1,0.748525,0,1,1
71,BIDfirst,PR,9,1,1.20394,2,2,0.70514,0,1,1
71,BIDfirst,PR,10,2,0.36897,3,2,0.490105,1,1,0
71,BIDfirst,PR,11,2,0.58698,3,2,1.090305,1,1,1
71,BIDfirst,PR,12,2,0.4358,3,2,0.504085,1,1,1
71,BIDfirst,PR,13,2,0.372365,3,2,0.48339,1,1,1
71,BIDfirst,PR,14,2,0.600345,3,2,0.41174,1,1,1
71,BIDfirst,PR,15,2,0.38423,2,2,1.15899,0,0,1
71,BIDfirst,PR,16,2,0.6047,2,1,0.99452,0,0,1
71,BIDfirst,PR,17,2,0.402135,3,2,0.58799,1,1,1
71,BIDfirst,PR,18,2,0.535495,2,2,1.06081,1,0,1
71,BIDfirst,PR,19,2,0.39208,3,2,0.58463,0,1,1
71,BIDfirst,PR,20,2,0.67722,3,1,0.443695,1,1,1
71,BIDfirst,PR,21,2,0.50703,3,1,0.398285,0,1,1
71,BIDfirst,PR,22,2,0.407135,3,2,0.35296,1,1,1
71,BIDfirst,PR,23,2,0.393335,2,2,1.2252,0,0,1
71,BIDfirst,PR,24,2,0.518205,3,2,0.320205,0,1,1
71,BIDfirst,PR,25,1,0.36764,2,1,0.338465,1,1,0
72,BIDfirst,PR,1,1,2.15034,2,2,1.1592,0,1,0
72,BIDfirst,PR,2,1,0.75741,2,1,0.616625,0,1,1
72,BIDfirst,PR,3,2,0.40848,3,1,0.47145,0,1,0
72,BIDfirst,PR,4,2,0.333735,3,2,0.39744,1,1,1
72,BIDfirst,PR,5,2,0.42382,3,2,0.664555,1,1,1
72,BIDfirst,PR,6,2,0.334045,2,2,0.336145,0,0,1
72,BIDfirst,PR,7,2,0.55748,3,2,0.479445,1,1,1
72,BIDfirst,PR,8,2,0.60545,2,1,1.36085,1,0,1
72,BIDfirst,PR,9,2,1.000665,3,2,0.507085,1,1,1
72,BIDfirst,PR,10,2,0.37587,3,2,0.761975,0,1,1
72,BIDfirst,PR,11,2,0.617495,3,2,0.957255,1,1,1
72,BIDfirst,PR,12,2,0.40863,3,2,1.007295,1,1,1
72,BIDfirst,PR,13,2,0.35066,3,2,0.65088,1,1,1
72,BIDfirst,PR,14,2,0.368615,3,2,0.39497,1,1,1
72,BIDfirst,PR,15,2,0.29173,3,2,0.617305,0,1,1
72,BIDfirst,PR,16,2,0.442505,3,2,0.430575,1,1,1
72,BIDfirst,PR,17,2,0.30553,3,2,0.37681,1,1,1
72,BIDfirst,PR,18,2,0.286105,3,2,0.90376,1,1,1
72,BIDfirst,PR,19,2,0.50913,2,1,1.11551,0,0,1
72,BIDfirst,PR,20,2,0.792735,3,2,0.461635,1,1,1
72,BIDfirst,PR,21,2,0.36712,3,2,0.40534,0,1,1
72,BIDfirst,PR,22,2,0.259945,3,2,0.379595,0,1,1
72,BIDfirst,PR,23,2,0.252,2,2,0.35479,0,0,1
72,BIDfirst,PR,24,2,0.465595,3,2,0.609355,0,1,1
72,BIDfirst,PR,25,2,0.55381,3,1,0.329805,1,1,1
73,BIDfirst,PR,1,2,0.411535,3,1,0.701565,1,1,0
73,BIDfirst,PR,2,1,0.38906,2,2,0.50958,1,1,0
73,BIDfirst,PR,3,2,0.376625,3,2,0.429295,0,1,0
73,BIDfirst,PR,4,1,0.44107,3,1,0.48216,0,0,0
73,BIDfirst,PR,5,2,0.384845,3,2,0.63387,1,1,0
73,BIDfirst,PR,6,1,0.526585,2,2,0.58053,0,1,0
73,BIDfirst,PR,7,1,0.83408,3,1,0.36655,0,0,1
73,BIDfirst,PR,8,2,0.53417,3,2,0.471885,1,1,0
73,BIDfirst,PR,9,2,0.60114,3,2,0.360885,1,1,1
73,BIDfirst,PR,10,2,0.368675,3,1,0.30512,0,1,1
73,BIDfirst,PR,11,2,0.400845,3,2,0.38893,0,1,1
73,BIDfirst,PR,12,1,0.557135,2,1,0.564505,0,1,0
73,BIDfirst,PR,13,1,0.335655,3,2,0.59892,1,0,1
73,BIDfirst,PR,14,1,2.068205,3,2,0.66542,1,0,1
73,BIDfirst,PR,15,1,0.511755,3,1,0.937185,1,0,1
73,BIDfirst,PR,16,1,0.268295,2,2,0.29095,1,1,1
73,BIDfirst,PR,17,1,0.61701,3,2,0.369525,0,0,1
73,BIDfirst,PR,18,1,0.301425,2,1,0.40224,1,1,1
73,BIDfirst,PR,19,1,0.3713,2,1,0.435215,1,1,1
73,BIDfirst,PR,20,1,0.309005,2,1,0.3833,0,1,1
73,BIDfirst,PR,21,1,0.32279,2,1,0.382765,0,1,1
73,BIDfirst,PR,22,1,0.617735,3,1,0.33475,0,0,1
73,BIDfirst,PR,23,1,0.357055,2,2,0.284885,1,1,1
73,BIDfirst,PR,24,1,0.37437,3,2,0.22287,1,0,1
73,BIDfirst,PR,25,1,0.03431,3,2,0.40064,1,0,1
74,BIDfirst,PR,1,1,1.064,2,2,1.254645,0,1,0
74,BIDfirst,PR,2,1,0.60234,2,1,0.66862,1,1,1
74,BIDfirst,PR,3,2,0.64992,3,1,0.704945,0,1,0
74,BIDfirst,PR,4,2,0.45092,3,2,0.658855,0,1,1
74,BIDfirst,PR,5,1,0.535145,2,1,1.11696,0,1,0
74,BIDfirst,PR,6,1,0.458635,2,2,0.497505,1,1,1
74,BIDfirst,PR,7,1,0.582175,3,2,0.41036,1,0,1
74,BIDfirst,PR,8,1,0.57896,2,2,0.816315,1,1,1
74,BIDfirst,PR,9,1,0.42962,2,2,0.74541,0,1,1
74,BIDfirst,PR,10,1,0.54477,2,1,0.451575,1,1,1
74,BIDfirst,PR,11,1,0.465145,2,1,0.461895,1,1,1
74,BIDfirst,PR,12,1,0.37907,2,1,0.389875,0,1,1
74,BIDfirst,PR,13,1,0.336385,2,2,0.418295,1,1,1
74,BIDfirst,PR,14,1,0.458345,2,2,0.25164,1,1,1
74,BIDfirst,PR,15,1,0.334005,3,2,0.346015,1,0,1
74,BIDfirst,PR,16,1,0.412185,2,2,0.529915,1,1,1
74,BIDfirst,PR,17,1,0.454005,2,2,0.37374,1,1,1
74,BIDfirst,PR,18,1,0.35501,2,2,0.38653,1,1,1
74,BIDfirst,PR,19,1,0.365025,2,2,0.46731,1,1,1
74,BIDfirst,PR,20,1,0.389555,2,2,0.39794,1,1,1
74,BIDfirst,PR,21,1,0.37748,2,2,0.365825,0,1,1
74,BIDfirst,PR,22,1,0.35184,2,1,0.341945,0,1,1
74,BIDfirst,PR,23,2,0.380245,3,2,0.51414,1,1,0
74,BIDfirst,PR,24,2,0.464165,3,2,0.374955,0,1,1
74,BIDfirst,PR,25,1,0.36375,2,2,0.27979,0,1,0
75,NTfirst,PR,1,1,1.383,2,1,1.908,0,1,0
75,NTfirst,PR,2,2,1.623,3,1,2.111,1,1,0
75,NTfirst,PR,3,1,0.023,2,2,1.012,1,1,0
75,NTfirst,PR,4,1,0.822,2,2,0.777,1,1,1
75,NTfirst,PR,5,1,1.53,3,2,0.775,1,0,1
75,NTfirst,PR,6,1,0.624,2,1,1.14,1,1,1
75,NTfirst,PR,7,1,0.632,2,1,0.446,0,1,1
75,NTfirst,PR,8,2,0.817,3,1,1.346,0,1,0
75,NTfirst,PR,9,2,1.192,3,1,1.299,0,1,1
75,NTfirst,PR,10,2,0.927,2,2,1.2,1,0,1
75,NTfirst,PR,11,2,1.596,3,2,0.753,1,1,1
75,NTfirst,PR,12,2,0.403,2,2,0.809,0,0,1
75,NTfirst,PR,13,1,0.444,2,1,0.662,0,1,0
75,NTfirst,PR,14,1,0.511,3,2,0.65,0,0,1
75,NTfirst,PR,15,2,0.55,2,1,0.677,0,0,0
75,NTfirst,PR,16,1,1.818,3,2,0.516,1,0,0
75,NTfirst,PR,17,1,0.924,2,2,0.481,0,1,1
75,NTfirst,PR,18,2,0.452,3,1,0.741,1,1,0
75,NTfirst,PR,19,2,0.535,3,1,0.434,0,1,1
75,NTfirst,PR,20,2,0.842,2,1,0.401,0,0,1
75,NTfirst,PR,21,2,0.777,3,2,0.693,0,1,1
75,NTfirst,PR,22,1,0.326,2,1,0.691,1,1,0
75,NTfirst,PR,23,2,0.467,3,2,0.694,0,1,0
75,NTfirst,PR,24,2,0.503,3,1,0.38,0,1,1
75,NTfirst,PR,25,2,1.921,3,2,0.61,1,1,1
76,NTfirst,PR,1,1,1.225635,2,1,2.613375,1,1,0
76,NTfirst,PR,2,1,0.61753,2,1,0.643165,0,1,1
76,NTfirst,PR,3,1,0.500425,2,2,1.54907,1,1,1
76,NTfirst,PR,4,1,0.48457,2,2,0.4633,1,1,1
76,NTfirst,PR,5,1,0.36017,3,2,0.26809,0,0,1
76,NTfirst,PR,6,1,0.57211,2,2,0.53928,1,1,1
76,NTfirst,PR,7,1,0.020215,2,2,0.30851,1,1,1
76,NTfirst,PR,8,1,0.25763,3,2,0.253275,0,0,1
76,NTfirst,PR,9,1,0.371255,2,2,0.336785,1,1,1
76,NTfirst,PR,10,1,0.320085,3,1,0.76193,0,0,1
76,NTfirst,PR,11,1,0.285875,2,2,0.37046,1,1,1
76,NTfirst,PR,12,1,0.561295,2,2,0.51525,0,1,1
76,NTfirst,PR,13,1,0.391475,2,2,0.50222,1,1,1
76,NTfirst,PR,14,1,0.352895,2,2,0.269035,1,1,1
76,NTfirst,PR,15,1,0.321565,3,2,0.25837,1,0,1
76,NTfirst,PR,16,1,0.314875,3,2,0.32071,1,0,1
76,NTfirst,PR,17,2,0.23946,3,2,0.284,1,1,0
76,NTfirst,PR,18,2,0.514175,3,2,0.42315,1,1,1
76,NTfirst,PR,19,2,0.417195,2,2,0.5667,0,0,1
76,NTfirst,PR,20,2,0.33735,3,2,0.53175,0,1,1
76,NTfirst,PR,21,2,0.248495,2,2,0.597565,1,0,1
76,NTfirst,PR,22,1,0.019275,2,2,0.266885,1,1,0
76,NTfirst,PR,23,1,0.236795,3,2,0.24003,1,0,1
76,NTfirst,PR,24,1,0.23978,2,2,0.23641,1,1,1
76,NTfirst,PR,25,1,0.27138,2,2,0.277535,1,1,1
77,BIDfirst,PR,1,2,0.886805,2,2,1.165765,0,0,0
77,BIDfirst,PR,2,2,1.11825,3,2,1.06596,1,1,1
77,BIDfirst,PR,3,2,0.70366,2,1,1.156825,0,0,1
77,BIDfirst,PR,4,1,1.21688,2,1,1.42298,0,1,0
77,BIDfirst,PR,5,2,0.617555,3,2,0.510895,1,1,0
77,BIDfirst,PR,6,2,0.818435,3,2,1.00714,1,1,1
77,BIDfirst,PR,7,2,0.522365,2,2,1.10896,1,0,1
77,BIDfirst,PR,8,2,0.398385,2,2,0.829925,1,0,1
77,BIDfirst,PR,9,2,0.406195,3,2,0.6971,0,1,1
77,BIDfirst,PR,10,2,0.42601,3,1,0.71508,0,1,1
77,BIDfirst,PR,11,2,0.318455,3,2,0.41416,0,1,1
77,BIDfirst,PR,12,1,0.616095,2,2,0.579385,1,1,0
77,BIDfirst,PR,13,2,0.42009,2,2,0.57423,1,0,0
77,BIDfirst,PR,14,2,0.453745,2,2,0.4752,1,0,1
77,BIDfirst,PR,15,2,0.433065,3,2,0.421195,0,1,1
77,BIDfirst,PR,16,2,0.336185,2,2,0.478415,0,0,1
77,BIDfirst,PR,17,2,0.28469,3,2,0.42916,1,1,1
77,BIDfirst,PR,18,2,0.532925,3,2,0.44755,0,1,1
77,BIDfirst,PR,19,2,0.45141,2,2,0.61797,1,0,1
77,BIDfirst,PR,20,2,0.41849,3,2,0.49412,1,1,1
77,BIDfirst,PR,21,2,0.868745,2,2,0.583475,1,0,1
77,BIDfirst,PR,22,2,0.63148,3,2,0.525785,0,1,1
77,BIDfirst,PR,23,2,0.320415,3,2,0.46354,1,1,1
77,BIDfirst,PR,24,2,0.48467,3,2,0.55662,0,1,1
77,BIDfirst,PR,25,2,0.45119,2,2,0.699555,0,0,1
78,NTfirst,PR,1,1,1.049735,2,2,1.57897,1,1,0
78,NTfirst,PR,2,2,1.649765,3,1,1.033025,0,1,0
78,NTfirst,PR,3,1,0.7179,2,2,0.81235,0,1,0
78,NTfirst,PR,4,1,0.75645,2,1,0.89906,1,1,1
78,NTfirst,PR,5,2,1.37604,3,2,0.508595,0,1,0
78,NTfirst,PR,6,2,0.56714,3,1,0.493945,0,1,1
78,NTfirst,PR,7,2,0.59221,3,2,0.32585,1,1,1
78,NTfirst,PR,8,1,0.302195,3,2,0.88795,0,0,0
78,NTfirst,PR,9,1,0.50912,2,2,0.951675,1,1,1
78,NTfirst,PR,10,2,0.401815,3,1,0.86199,1,1,0
78,NTfirst,PR,11,1,0.45378,3,1,0.927615,0,0,0
78,NTfirst,PR,12,1,0.3261,2,2,0.76278,0,1,1
78,NTfirst,PR,13,1,0.499075,3,2,0.66153,1,0,1
78,NTfirst,PR,14,2,0.421945,3,1,1.04678,0,1,0
78,NTfirst,PR,15,2,0.474495,3,2,0.455075,1,1,1
78,NTfirst,PR,16,1,0.48911,2,2,0.59844,1,1,0
78,NTfirst,PR,17,1,0.4194,3,2,0.917175,1,0,1
78,NTfirst,PR,18,1,0.53814,3,1,0.8558,0,0,1
78,NTfirst,PR,19,1,0.45181,3,2,0.39719,1,0,1
78,NTfirst,PR,20,1,0.533865,2,2,0.699685,1,1,1
78,NTfirst,PR,21,2,0.486125,3,2,0.59849,1,1,0
78,NTfirst,PR,22,2,0.382495,3,2,0.49758,1,1,1
78,NTfirst,PR,23,1,0.400995,3,2,0.746825,1,0,0
78,NTfirst,PR,24,1,0.39702,3,2,0.402435,1,0,1
78,NTfirst,PR,25,1,0.120245,3,2,0.371465,1,0,1
79,NTfirst,PR,1,1,0.423545,2,1,0.74554,0,1,0
79,NTfirst,PR,2,1,0.334455,2,2,0.285905,0,1,1
79,NTfirst,PR,3,2,0.401275,3,1,0.21867,1,1,0
79,NTfirst,PR,4,2,0.370705,2,1,0.203185,1,0,1
79,NTfirst,PR,5,2,0.32582,3,1,0.270435,0,1,1
79,NTfirst,PR,6,2,0.292355,2,2,0.294015,1,0,1
79,NTfirst,PR,7,2,0.2941,3,2,0.50112,0,1,1
79,NTfirst,PR,8,1,0.32149,2,1,0.247315,0,1,0
79,NTfirst,PR,9,1,0.334505,2,2,0.290595,1,1,1
79,NTfirst,PR,10,1,0.33881,2,2,0.256325,1,1,1
79,NTfirst,PR,11,1,0.322135,3,2,0.2086,1,0,1
79,NTfirst,PR,12,1,0.28809,2,2,0.26118,0,1,1
79,NTfirst,PR,13,2,0.28436,2,1,0.26896,1,0,0
79,NTfirst,PR,14,2,0.25463,2,1,0.25909,0,0,1
79,NTfirst,PR,15,2,0.25579,2,2,0.305945,1,0,1
79,NTfirst,PR,16,2,0.33447,2,2,0.268665,1,0,1
79,NTfirst,PR,17,1,0.277435,2,1,0.24766,0,1,0
79,NTfirst,PR,18,2,0.318725,3,2,0.24209,1,1,0
79,NTfirst,PR,19,2,0.36126,3,2,0.281215,1,1,1
79,NTfirst,PR,20,2,0.25211,3,2,0.260395,1,1,1
79,NTfirst,PR,21,2,0.30246,3,2,0.27893,0,1,1
79,NTfirst,PR,22,1,0.54035,2,1,0.248555,1,1,0
79,NTfirst,PR,23,1,0.253025,2,1,0.21546,1,1,1
79,NTfirst,PR,24,1,0.234315,2,1,0.247575,0,1,1
79,NTfirst,PR,25,1,0.211675,2,2,0.1986,1,1,1
80,NTfirst,PR,1,1,2.094115,2,1,1.016795,0,1,0
80,NTfirst,PR,2,2,0.86672,3,2,0.66066,1,1,0
80,NTfirst,PR,3,2,0.86235,2,1,0.5893,0,0,1
80,NTfirst,PR,4,2,0.606145,2,2,0.592885,0,0,1
80,NTfirst,PR,5,1,0.451715,2,2,0.895375,1,1,0
80,NTfirst,PR,6,1,0.616235,2,2,0.7821,0,1,1
80,NTfirst,PR,7,2,0.378805,3,1,0.716765,0,1,0
80,NTfirst,PR,8,2,0.525375,2,2,0.80024,0,0,1
80,NTfirst,PR,9,2,0.60044,3,2,0.640465,1,1,1
80,NTfirst,PR,10,2,0.5493,2,2,0.97594,0,0,1
80,NTfirst,PR,11,2,0.374135,3,2,0.492165,1,1,1
80,NTfirst,PR,12,2,0.33701,3,2,0.3089,1,1,1
80,NTfirst,PR,13,2,0.33763,2,1,0.62416,0,0,1
80,NTfirst,PR,14,2,0.36608,2,2,0.276755,1,0,1
80,NTfirst,PR,15,2,0.40509,3,2,0.41881,1,1,1
80,NTfirst,PR,16,2,0.373515,2,2,0.00859,1,0,1
80,NTfirst,PR,17,2,0.28329,3,2,0.2895,0,1,1
80,NTfirst,PR,18,2,0.327635,2,2,0.47815,1,0,1
80,NTfirst,PR,19,2,0.287105,3,2,0.2876,1,1,1
80,NTfirst,PR,20,2,0.123235,2,2,0.304345,0,0,1
80,NTfirst,PR,21,2,0.28018,2,2,0.314325,0,0,1
80,NTfirst,PR,22,2,0.35299,2,1,0.575455,1,0,1
80,NTfirst,PR,23,2,0.36802,3,2,0.49259,1,1,1
80,NTfirst,PR,24,2,0.011935,2,1,0.42325,0,0,1
80,NTfirst,PR,25,2,0.305355,3,2,0.323285,1,1,1
81,BIDfirst,PR,1,2,1.08627,2,2,1.28126,1,0,0
81,BIDfirst,PR,2,2,1.247345,3,1,1.41042,0,1,1
81,BIDfirst,PR,3,2,0.762075,2,2,0.93011,0,0,1
81,BIDfirst,PR,4,2,0.63582,3,2,1.56473,1,1,1
81,BIDfirst,PR,5,1,0.885425,2,2,1.23439,1,1,0
81,BIDfirst,PR,6,2,1.304105,2,2,0.64565,1,0,0
81,BIDfirst,PR,7,2,0.50332,3,1,1.250945,0,1,1
81,BIDfirst,PR,8,2,0.07353,2,2,0.803175,0,0,1
81,BIDfirst,PR,9,2,0.277525,2,1,1.336885,0,0,1
81,BIDfirst,PR,10,1,0.58649,2,1,0.831725,0,1,0
81,BIDfirst,PR,11,2,0.71875,3,2,1.131035,1,1,0
81,BIDfirst,PR,12,1,0.42913,2,2,1.064235,1,1,0
81,BIDfirst,PR,13,2,0.81074,2,2,0.57781,1,0,0
81,BIDfirst,PR,14,1,0.420535,2,2,1.065935,1,1,0
81,BIDfirst,PR,15,2,0.62541,3,2,1.030595,1,1,0
81,BIDfirst,PR,16,2,0.503585,2,2,0.86633,1,0,1
81,BIDfirst,PR,17,2,0.32526,2,2,0.368805,1,0,1
81,BIDfirst,PR,18,2,0.394785,2,2,0.363805,1,0,1
81,BIDfirst,PR,19,2,0.217,3,2,0.269285,1,1,1
81,BIDfirst,PR,20,2,0.48578,3,2,0.702555,1,1,1
81,BIDfirst,PR,21,2,0.30488,3,2,0.48222,1,1,1
81,BIDfirst,PR,22,2,0.29161,3,2,0.378495,1,1,1
81,BIDfirst,PR,23,2,0.283805,3,2,0.367525,1,1,1
81,BIDfirst,PR,24,2,0.340215,3,2,0.2882,1,1,1
81,BIDfirst,PR,25,2,0.049355,3,2,0.30355,1,1,1
82,BIDfirst,PR,1,1,0.941435,3,1,1.59558,1,0,0
82,BIDfirst,PR,2,1,0.78916,3,1,1.19942,0,0,1
82,BIDfirst,PR,3,1,0.876205,2,1,0.916645,1,1,1
82,BIDfirst,PR,4,1,0.569535,3,1,0.764115,0,0,1
82,BIDfirst,PR,5,1,0.394315,3,2,0.42033,1,0,1
82,BIDfirst,PR,6,2,0.688625,2,1,0.810465,0,0,0
82,BIDfirst,PR,7,2,0.34275,3,2,0.72782,1,1,1
82,BIDfirst,PR,8,2,0.36767,3,2,0.49568,1,1,1
82,BIDfirst,PR,9,2,0.386045,3,2,0.37943,0,1,1
82,BIDfirst,PR,10,2,0.30161,2,1,0.295285,0,0,1
82,BIDfirst,PR,11,2,0.418695,2,2,1.129095,1,0,1
82,BIDfirst,PR,12,1,0.52275,2,2,0.439175,1,1,0
82,BIDfirst,PR,13,1,0.30716,2,2,0.41527,1,1,1
82,BIDfirst,PR,14,1,0.23498,2,2,0.332155,1,1,1
82,BIDfirst,PR,15,1,0.33612,2,2,0.28092,1,1,1
82,BIDfirst,PR,16,1,0.33304,3,2,0.30875,1,0,1
82,BIDfirst,PR,17,1,0.3172,2,2,0.458125,1,1,1
82,BIDfirst,PR,18,1,0.287115,2,2,0.318505,1,1,1
82,BIDfirst,PR,19,1,0.270935,2,2,0.261585,1,1,1
82,BIDfirst,PR,20,1,0.31529,2,2,0.399605,1,1,1
82,BIDfirst,PR,21,1,0.251775,3,2,0.30929,0,0,1
82,BIDfirst,PR,22,1,0.576515,2,2,0.55168,1,1,1
82,BIDfirst,PR,23,1,0.35707,2,2,0.43102,1,1,1
82,BIDfirst,PR,24,1,0.234045,2,2,0.333025,0,1,1
82,BIDfirst,PR,25,1,0.26697,3,2,0.298175,0,0,1
83,NTfirst,PR,1,1,0.603125,2,1,1.11315,0,1,0
83,NTfirst,PR,2,1,1.09129,2,2,0.748685,1,1,1
83,NTfirst,PR,3,2,0.538915,2,1,1.10543,0,0,0
83,NTfirst,PR,4,2,0.777245,2,2,0.6807,1,0,1
83,NTfirst,PR,5,2,1.029555,3,2,0.92607,0,1,1
83,NTfirst,PR,6,2,0.70214,3,1,0.964885,0,1,1
83,NTfirst,PR,7,1,0.80682,3,1,0.94287,1,0,0
83,NTfirst,PR,8,1,0.859935,2,2,1.08517,1,1,1
83,NTfirst,PR,9,2,0.72801,2,2,0.73693,1,0,0
83,NTfirst,PR,10,1,0.77288,2,2,0.786655,1,1,0
83,NTfirst,PR,11,2,0.45665,2,2,0.727385,1,0,0
83,NTfirst,PR,12,2,0.87169,3,2,0.85827,1,1,1
83,NTfirst,PR,13,2,0.53715,3,2,0.811905,0,1,1
83,NTfirst,PR,14,2,0.45416,2,2,0.92834,0,0,1
83,NTfirst,PR,15,2,0.81671,3,1,0.490155,1,1,1
83,NTfirst,PR,16,2,0.745615,3,1,0.51479,0,1,1
83,NTfirst,PR,17,1,0.38739,2,2,0.55275,1,1,0
83,NTfirst,PR,18,1,0.62856,3,1,0.538515,0,0,1
83,NTfirst,PR,19,1,0.753595,3,2,0.726805,1,0,1
83,NTfirst,PR,20,1,0.49481,2,1,0.79449,0,1,1
83,NTfirst,PR,21,2,0.701165,2,2,0.58527,1,0,0
83,NTfirst,PR,22,2,0.82793,2,1,0.497905,0,0,1
83,NTfirst,PR,23,2,0.556295,2,2,0.662885,1,0,1
83,NTfirst,PR,24,2,0.32919,2,2,0.54209,1,0,1
83,NTfirst,PR,25,1,0.38806,3,2,0.795245,1,0,0
